INSERT INTO member(name, nickname, login_id, password, school, phone, email, postcode, default_address, detail_address, available_point, role)
VALUES
    ('빈센트 반 고흐', '고흐', 'user1', '{bcrypt}$2a$10$YmNbBCVmbQkndS2R/9Q9yO7617jGB2GR6NJU3vOZC/NqqQKf0wjCm', '경기대학교', '01011110000', 'user1@gmail.com', 13561, '서울특별시 강남구 테헤란로 131', 'Toss', 100105000, 'USER'),
    ('서지원', '서지원', 'user2', '{bcrypt}$2a$10$D.NNNkWa29lrv9Z0OGQz8.KxVAtgcwKQi/MRHaVHXbC4ojSYDuhwi', '경기대학교', '01011111111', 'user2@gmail.com', 13561, '서울특별시 강남구 테헤란로 131', 'Toss', 99885000, 'USER'),
    ('에드바르 뭉크', '뭉크', 'user3', '{bcrypt}$2a$10$psnWa8qe7GFnxqSu3E.eHuNThLwPe/mvi2B5Xi/.7axAVWAeCHBWu', '경기대학교', '01011112222', 'user3@gmail.com', 13561, '서울특별시 강남구 테헤란로 131', 'Toss', 100267000, 'USER'),
    ('구본웅', '구본웅', 'user4', '{bcrypt}$2a$10$BseYIa6xTR9tqC/tmOisHut2pUiHhbXVEz.SarW5k.2ClzL.xBdZ.', '홍익대학교', '01011113333', 'user4@gmail.com', 13561, '서울특별시 강남구 테헤란로 131', 'Toss', 100000000, 'USER'),
    ('한스 멤링', '한스 멤링', 'user5', '{bcrypt}$2a$10$h5Ij8JBONccAq4jqRMG14efvkBr.LaJGTZwdIn/EamdYtIUzHc/Uu', '수원대학교', '01011114444', 'user5@gmail.com', 13561, '서울특별시 강남구 테헤란로 131', 'Toss', 100842000, 'USER'),
    ('요하네스 베르메르', '요하네스 베르메르', 'user6', '{bcrypt}$2a$10$05/OESsf9kouwXDYFCiyUugrBqYVJm3la3snFUMdoEs.yTm5bJFsO', '서울대학교', '01011115555', 'user6@gmail.com', 13561, '서울특별시 강남구 테헤란로 131', 'Toss', 100000000, 'USER'),
    ('니콜라스 마스', '니콜라스 마스', 'user7', '{bcrypt}$2a$10$dFg.vB5yQDWeZIFdsolkwOHMnkOekJZPKZnnHuGJ8dgLVU/RKTb1y', '연세대학교', '01011116666', 'user7@gmail.com', 13561, '서울특별시 강남구 테헤란로 131', 'Toss', 100036000, 'USER'),
    ('피트 몬드리안', '피트 몬드리안', 'user8', '{bcrypt}$2a$10$yEkAKZBzgBPvlWMH3WLo9ext1C3/3ehX6nZ5u1ev7kYk9UDbUoTOS', '고려대학교', '01011117777', 'user8@gmail.com', 13561, '서울특별시 강남구 테헤란로 131', 'Toss', 100049000, 'USER'),
    ('양혜규', '양혜규', 'user9', '{bcrypt}$2a$10$vCiD57d0rfx5JAuEDvlUieSKJHmyQGEUyccaguqAYy/P0Utgnp/nm', '연세대학교', '01011118888', 'user9@gmail.com', 13561, '서울특별시 강남구 테헤란로 131', 'Toss', 100000000, 'USER'),
    ('이상현', '이상현', 'user10', '{bcrypt}$2a$10$Z.441HkHGuPPKGHZ8MZQCeUzRIBihKRp3QWiv4rTfdGSN3xLK7MeO', '경기대학교', '01011119999', 'user10@gmail.com', 13561, '서울특별시 강남구 테헤란로 131', 'Toss', 100000000, 'USER'),
    ('남은찬', '남은찬', 'user11', '{bcrypt}$2a$10$z1j6wfNmaXcaewxuwV//geS7yTwdmiGtvnsntfjxVX8PG9qfP779a', '경기대학교', '01022220000', 'user11@gmail.com', 13561, '서울특별시 강남구 테헤란로 131', 'Toss', 99846000, 'USER'),
    ('유명한', '유명한', 'user12', '{bcrypt}$2a$10$z1j6wfNmaXcaewxuwV//geS7yTwdmiGtvnsntfjxVX8PG9qfP779a', '경기대학교', '01022221111', 'user12@gmail.com', 13561, '서울특별시 강남구 테헤란로 131', 'Toss', 100000000, 'USER'),
    ('알브레히트 뒤러', '알브레히트 뒤러', 'user13', '{bcrypt}$2a$10$xl856m6uwvdBtWjboZbSC.eRDDhtS7Ta4ed9k23I2y.7ZgVNEu8Ka', '서울대학교', '01022222222', 'user13@gmail.com', 13561, '서울특별시 강남구 테헤란로 131', 'Toss', 99964000, 'USER'),
    ('마스터 프란케', '마스터 프란케', 'user14', '{bcrypt}$2a$10$h9.u8Q4g4FBFRFG35RPXqOM4petcZZL8LzEPEqztQhb2JBw.48I6C', '서울대학교', '01022223333', 'user14@gmail.com', 13561, '서울특별시 강남구 테헤란로 131', 'Toss', 99980000, 'USER'),
    ('프리드리히', '프리드리히', 'user15', '{bcrypt}$2a$10$PoCsX.wjwrw9sorc9wV1tusWWO9IUl0oEQvPBUWka3yENXJ/h5rDe', '경기대학교', '01022224444', 'user15@gmail.com', 13561, '서울특별시 강남구 테헤란로 131', 'Toss', 100278000, 'USER'),
    ('게르하르트 리히터', '게르하르트 리히터', 'user16', '{bcrypt}$2a$10$MJ.Xzl4prmZM6aTQdHU1L.tSh5JxGtj6IYzC.SiJAoY0au9tbHtwu', '연세대학교', '01022225555', 'user16@gmail.com', 13561, '서울특별시 강남구 테헤란로 131', 'Toss', 100000000, 'USER'),
    ('콘스탄틴 브랑쿠시', '콘스탄틴 브랑쿠시', 'user17', '{bcrypt}$2a$10$Q79H0UHfgmYNPJGsylcrOO68DvLVQGE.BGT.tcTjVPKQY/Qlw4X56', '연세대학교', '01022226666', 'user17@gmail.com', 13561, '서울특별시 강남구 테헤란로 131', 'Toss', 100000000, 'USER'),
    ('정재우', '정재우', 'user18', '{bcrypt}$2a$10$IEUJQS3YYFvd.bMlK3DOpeOapHZqVwe19b/gfzhP7oJrthP25HGZC', '경기대학교', '01022227777', 'user18@gmail.com', 13561, '서울특별시 강남구 테헤란로 131', 'Toss', 99868000, 'USER'),
    ('에드워드 호퍼', '에드워드 호퍼', 'user19', '{bcrypt}$2a$10$/.4WnIqK6qug1Ksrghfct.bmKxVeeCjTQ1G94U6gIP71937h39bCi', '연세대학교', '01022228888', 'user19@gmail.com', 13561, '서울특별시 강남구 테헤란로 131', 'Toss', 100240000, 'USER'),
    ('마크 로스코', '마크 로스코', 'user20', '{bcrypt}$2a$10$U7e8x07U9NuhYPaIisHUVeUZGNNjCVBTy5Sct7bY.HEu8Dwx1s.Be', '고려대학교', '01033330000', 'user20@gmail.com', 13561, '서울특별시 강남구 테헤란로 131', 'Toss', 100175000, 'USER'),
    ('잭슨 폴록', '잭슨 폴록', 'user21', '{bcrypt}$2a$10$wjWFhptGIGhAyB5M/vTtNOIZqh5DR4WDxjpPAdcprPDeWoKVhLY9q', '가천대학교', '01033331111', 'user21@gmail.com', 13561, '서울특별시 강남구 테헤란로 131', 'Toss', 99951000, 'USER'),
    ('김영주', '김영주', 'user22', '{bcrypt}$2a$10$pG9qopK6YrprsvYnaoOg2.hdxvP9kR84hKr9BlZvIICzN7KTpo8tG', '중앙대학교', '01033332222', 'user22@gmail.com', 13561, '서울특별시 강남구 테헤란로 131', 'Toss', 99905000, 'USER'),
    ('앤디 워홀', '앤디 워홀', 'user23', '{bcrypt}$2a$10$Lzs99A0cqexyxmYCr8BqL.OaknRGwTm9hsO7a6N2ac35oyFfbLoES', '가천대학교', '01033333333', 'user23@gmail.com', 13561, '서울특별시 강남구 테헤란로 131', 'Toss', 99945000, 'USER'),
    ('손동진', '손동진', 'user24', '{bcrypt}$2a$10$VynDnPFd1YET2eLa2PkqcuD9X/Pqg3YsaA/LhekR9rmv77KuaE0oW', '고려대학교', '01033334444', 'user24@gmail.com', 13561, '서울특별시 강남구 테헤란로 131', 'Toss', 99925000, 'USER'),
    ('제프 쿤스', '제프 쿤스', 'user25', '{bcrypt}$2a$10$XpO4/yIQ1o9W0YM9UXuVZeU3pLQZDs0nfoZXYsGVicykksg/DpKvO', '중앙대학교', '01033335555', 'user25@gmail.com', 13561, '서울특별시 강남구 테헤란로 131', 'Toss', 100000000, 'USER'),
    ('장미셸 바스키아', '장미셸 바스키아', 'user26', '{bcrypt}$2a$10$DOQjNK2gp0oGHDdDXhGVn.BdwTVsQmFka11xFRWQzoJzBAyc7C6Xy', '중앙대학교', '01033336666', 'user26@gmail.com', 13561, '서울특별시 강남구 테헤란로 131', 'Toss', 99660000, 'USER'),
    ('디에고 리베라', '디에고 리베라', 'user27', '{bcrypt}$2a$10$gDs2MMa7ZBPHJtjaAs9QIufYLt3qIuAlTLjetSORHdlMMU49otZsO', '한양대학교', '01033337777', 'user27@gmail.com', 13561, '서울특별시 강남구 테헤란로 131', 'Toss', 99250000, 'USER'),
    ('서도호', '서도호', 'user28', '{bcrypt}$2a$10$4Y0P3WCCorh7epch0DEbHutnV/DZI0RehcJwYf1O9sanzgT8JkcYi', '한양대학교', '01033338888', 'user28@gmail.com', 13561, '서울특별시 강남구 테헤란로 131', 'Toss', 99895000, 'USER'),
    ('홍찬효', '홍찬효', 'user29', '{bcrypt}$2a$10$jxH1IbYg1QqNP0ArjKISI.AvtYyMOF4qAgbqR5p6C4WJekkN0/RSW', '한양대학교', '01033339999', 'user29@gmail.com', 13561, '서울특별시 강남구 테헤란로 131', 'Toss', 100000000, 'USER'),
    ('르네 마그리트', '르네 마그리트', 'user30', '{bcrypt}$2a$10$nR4WZMwad6BUK4rWq47dVOBxpqHChXKYsLIIBsyh7h.HYd8km2yim', '한양대학교', '01044440000', 'user30@gmail.com', 13561, '서울특별시 강남구 테헤란로 131', 'Toss', 100000000, 'USER'),
    ('알베르토 자코메티', '알베르토 자코메티', 'user31', '{bcrypt}$2a$10$wpnGjtnq0MnG76bTEa3DkeCD2vZ5tQZg3A4SQJZLi/.Kne8NM.sQ.', '서강대학교', '01044441111', 'user31@gmail.com', 13561, '서울특별시 강남구 테헤란로 131', 'Toss', 100000000, 'USER'),
    ('후안 미로', '후안 미로', 'user32', '{bcrypt}$2a$10$wVAiZ6TNINCLfkiKSFYnf.khI45UuadUca6A2jASi2oGw1R1D1v9K', '서울시립대학교', '01044442222', 'user32@gmail.com', 13561, '서울특별시 강남구 테헤란로 131', 'Toss', 100054000, 'USER'),
    ('파블로 피카소', '피카소', 'user33', '{bcrypt}$2a$10$wUJAd8oh40jb82cBINDFm.5uWspbEacCZeZ7/cd08RgHVQhC/GJEC', '서강대학교', '01044443333', 'user33@gmail.com', 13561, '서울특별시 강남구 테헤란로 131', 'Toss', 99952000, 'USER'),
    ('신수빈', '신수빈', 'user34', '{bcrypt}$2a$10$FC3pqebhFR8Isfbnm4xVe.A40PfFuuCxqCCN9UZbjwC7C/.uthRfu', '경기대학교', '01044444444', 'user34@gmail.com', 13561, '서울특별시 강남구 테헤란로 131', 'Toss', 99990000, 'USER'),
    ('백남준', '백남준', 'user35', '{bcrypt}$2a$10$zpg9yMDftvz4UG0wPfrPce3s0EEa70nz0xumaJvnB3.eabcs1pxJi', '서울시립대학교', '01044445555', 'user35@gmail.com', 13561, '서울특별시 강남구 테헤란로 131', 'Toss', 99770000, 'USER'),
    ('프랜시스 베이컨', '프랜시스 베이컨', 'user36', '{bcrypt}$2a$10$edTH1/Zoaw3cA4kwl2rmxOADgrzrbYZB0rduKip1YoNUU2rkkLyAa', '고려대학교', '01044446666', 'user36@gmail.com', 13561, '서울특별시 강남구 테헤란로 131', 'Toss', 100000000, 'USER'),
    ('데즈먼드 모리스', '데즈먼드 모리스', 'user37', '{bcrypt}$2a$10$0.tahgqOOMyLaNKTXA0d7egb3UkblGa/RpR7hqKMmLv7W4LlAsyde', '명지대학교', '01044447777', 'user37@gmail.com', 13561, '서울특별시 강남구 테헤란로 131', 'Toss', 99905000, 'USER'),
    ('자하 하디드', '자하 하디드', 'user38', '{bcrypt}$2a$10$X1NN/RNbc8c.fAlHDEYZ.Ol.jAznQvGmbDcOH8KpsRQfFWwSI8LZi', '명지대학교', '01044448888', 'user38@gmail.com', 13561, '서울특별시 강남구 테헤란로 131', 'Toss', 100000000, 'USER'),
    ('뱅크시', '뱅크시', 'user39', '{bcrypt}$2a$10$PDxAkfZHsgeFzBMKTa24BOoUAQYoysF59vr0yCJmY9ktN9ZhflSUa', '울산대학교', '01044449999', 'user39@gmail.com', 13561, '서울특별시 강남구 테헤란로 131', 'Toss', 99995000, 'USER'),
    ('에콘 실레', '에콘 실레', 'user40', '{bcrypt}$2a$10$q0ny2ao/d6PzNO1r7oQDq.t2hU2uXJNX7vZZdey8S4OqXgS1fVQh6', '건국대학교', '01055550000', 'user40@gmail.com', 13561, '서울특별시 강남구 테헤란로 131', 'Toss', 100000000, 'USER'),
    ('산드로 보티첼리', '산드로 보티첼리', 'user41', '{bcrypt}$2a$10$UKPDR.9i/zl0eXDZ.IhPT.5PWusZLdad8vQfJe8g6Md4HFzgOdqYu', '건국대학교', '01055551111', 'user41@gmail.com', 13561, '서울특별시 강남구 테헤란로 131', 'Toss', 100005000, 'USER'),
    ('레오나르도 다 빈치', '레오나르도 다 빈치', 'user42', '{bcrypt}$2a$10$66Qpe7PV.SA2f8TCXW/Fl.O5c/lw2CSS8VrLZ/MFR6xaa6NICuO8e', '건국대학교', '01055552222', 'user42@gmail.com', 13561, '서울특별시 강남구 테헤란로 131', 'Toss', 100000000, 'USER'),
    ('마켈란젤로 부오나로티', '마켈란젤로', 'user43', '{bcrypt}$2a$10$dHngYbhftH9ZAvkGms3BzeNQc3RvxZbT.X494jjVH8HyrCHnmO3am', '동국대', '01055553333', 'user43@gmail.com', 13561, '서울특별시 강남구 테헤란로 131', 'Toss', 100000000, 'USER'),
    ('이성미', '이성미', 'user44', '{bcrypt}$2a$10$G91VTI37oHRW5elW24lz2.fb4MAYVkg0DEsE/vq6d3uFgkSC8hwXO', '포항공대', '01055554444', 'user44@gmail.com', 13561, '서울특별시 강남구 테헤란로 131', 'Toss', 99870000, 'USER'),
    ('조르조 바사리', '조르조 바사리', 'user45', '{bcrypt}$2a$10$hgG7drN0R4iwMG8A9MvICud7rkDxIqECQpWlrMw3OY5.9a.WTVV6u', '한국과학기술원', '01055555555', 'user45@gmail.com', 13561, '서울특별시 강남구 테헤란로 131', 'Toss', 100000000, 'USER'),
    ('아메데오 모딜리아니', '아메데오 모딜리아니', 'user46', '{bcrypt}$2a$10$9tJShjIiF1mzyM6G1ziTve9RbZB.9zz7jZgouNog2o6v4KrE6eZ0u', '한국과학기술원', '01055556666', 'user46@gmail.com', 13561, '서울특별시 강남구 테헤란로 131', 'Toss', 100340000, 'USER'),
    ('도슈사이 샤라쿠', '도슈사이 샤라쿠', 'user47', '{bcrypt}$2a$10$DDUYil3KC3mBbpB8XWfcoOJn6s3nuBnXQvNdyjy9uJfjSTLstDDl2', '한국교통대학교', '01055557777', 'user47@gmail.com', 13561, '서울특별시 강남구 테헤란로 131', 'Toss', 100000000, 'USER'),
    ('오노 요코', '오노 요코', 'user48', '{bcrypt}$2a$10$.px/OA8pI85hke005U41Veis7Ifb.IRB.gG90Xvc9b3FpVcW/vMRa', '한국농수산대학', '01055558888', 'user48@gmail.com', 13561, '서울특별시 강남구 테헤란로 131', 'Toss', 100000000, 'USER'),
    ('무라카미 다카시', '무라카미 다카시', 'user49', '{bcrypt}$2a$10$vy3/2JiOzY7hDDxIgmB4k.FgmbRdvFHLpoub6voMEtv01De2z7Oqy', '성균관대학교', '01055559999', 'user49@gmail.com', 13561, '서울특별시 강남구 테헤란로 131', 'Toss', 99930000, 'USER'),
    ('왕희지', '왕희지', 'user50', '{bcrypt}$2a$10$iG3.nDvIfqCSuXEg8jw/UOjhSYnG1lUe7cS80X/2OavKVnbxZFO.i', '성균관대학교', '01066660000', 'user50@gmail.com', 13561, '서울특별시 강남구 테헤란로 131', 'Toss', 100123000, 'USER');

INSERT INTO art(owner_id, name, description, price, art_type, art_status, registration_date, upload_name, storage_name)
VALUES
    (1, 'art1', 'Lorem ipsum dolor sit amet, consectetuer adipiscing elit. Aenean commodo', 10000, 'AUCTION', 'SOLD_OUT', '2022-07-10 09:34:12', 'art1.png', '73eff5de6b.png'),
    (1, 'art2', 'Lorem ipsum dolor sit amet, consectetuer adipiscing elit. Aenean commodo', 20000, 'AUCTION', 'SOLD_OUT', '2022-07-10 11:21:30', 'art2.png', '48d1960376.png'),
    (1, 'art3', 'Lorem ipsum dolor sit amet, consectetuer adipiscing elit. Aenean commodo', 10000, 'GENERAL', 'SOLD_OUT', '2022-07-10 11:25:14', 'art3.png', '6e0dc3f002.png'),
    (3, 'art4', 'Lorem ipsum dolor sit amet, consectetuer adipiscing elit. Aenean commodo', 100000, 'AUCTION', 'SOLD_OUT', '2022-07-10 11:39:02', 'art4.png', '400d15308b.png'),
    (5, 'art5', 'Lorem ipsum dolor sit amet, consectetuer adipiscing elit. Aenean commodo', 30000, 'AUCTION', 'SOLD_OUT', '2022-07-10 12:14:15', 'art5.png', 'c53403583c.png'),
    (3, 'art6', 'Lorem ipsum dolor sit amet, consectetuer adipiscing elit. Aenean commodo', 25000, 'AUCTION', 'SOLD_OUT', '2022-07-10 17:32:26', 'art6.png', 'c3f23ed564.png'),
    (7, 'art7', 'Lorem ipsum dolor sit amet, consectetuer adipiscing elit. Aenean commodo', 24000, 'AUCTION', 'SOLD_OUT', '2022-07-10 19:04:05', 'art7.png', '270ca8c26a.png'),
    (8, 'art8', 'Lorem ipsum dolor sit amet, consectetuer adipiscing elit. Aenean commodo', 35000, 'GENERAL', 'FOR_SALE', '2022-07-10 22:10:02', 'art8.png', '1df01597da.png'),
    (20, 'art9', 'Lorem ipsum dolor sit amet, consectetuer adipiscing elit. Aenean commodo', 45000, 'GENERAL', 'SOLD_OUT', '2022-07-10 22:49:24', 'art9.png', '737761c4bb.png'),
    (19, 'art10', 'Lorem ipsum dolor sit amet, consectetuer adipiscing elit. Aenean commodo', 50000, 'GENERAL', 'SOLD_OUT', '2022-07-10 23:48:14', 'art10.png', '59b7efc285.png'),
    (5, 'art11', 'Lorem ipsum dolor sit amet, consectetuer adipiscing elit. Aenean commodo', 200000, 'AUCTION', 'SOLD_OUT', '2022-07-11 08:29:06', 'art11.png', 'dea7189cc5.png'),
    (19, 'art12', 'Lorem ipsum dolor sit amet, consectetuer adipiscing elit. Aenean commodo', 75000, 'GENERAL', 'SOLD_OUT', '2022-07-11 08:46:00', 'art12.png', '81e15f0256.png'),
    (41, 'art13', 'Lorem ipsum dolor sit amet, consectetuer adipiscing elit. Aenean commodo', 5000, 'AUCTION', 'SOLD_OUT', '2022-07-11 09:01:07', 'art13.png', 'e75e145762.png'),
    (7, 'art14', 'Lorem ipsum dolor sit amet, consectetuer adipiscing elit. Aenean commodo', 28000, 'GENERAL', 'FOR_SALE', '2022-07-11 09:03:24', 'art14.png', '4330fcce6e.png'),
    (50, 'art15', 'Lorem ipsum dolor sit amet, consectetuer adipiscing elit. Aenean commodo', 33000, 'AUCTION', 'SOLD_OUT', '2022-07-11 09:14:08', 'art15.png', 'ac9d56eea9.png'),
    (32, 'art16', 'Lorem ipsum dolor sit amet, consectetuer adipiscing elit. Aenean commodo', 54000, 'GENERAL', 'SOLD_OUT', '2022-07-11 09:17:14', 'art16.png', 'b5b8997b29.png'),
    (8, 'art17', 'Lorem ipsum dolor sit amet, consectetuer adipiscing elit. Aenean commodo', 68000, 'AUCTION', 'SOLD_OUT', '2022-07-11 09:19:09', 'art17.png', 'cafcf85de1.png'),
    (3, 'art18', 'Lorem ipsum dolor sit amet, consectetuer adipiscing elit. Aenean commodo', 95000, 'GENERAL', 'FOR_SALE', '2022-07-11 10:12:27', 'art18.png', 'fbe3c62890.png'),
    (3, 'art19', 'Lorem ipsum dolor sit amet, consectetuer adipiscing elit. Aenean commodo', 300000, 'AUCTION', 'SOLD_OUT', '2022-07-11 10:39:10', 'art19.png', '2e28829a49.png'),
    (41, 'art20', 'Lorem ipsum dolor sit amet, consectetuer adipiscing elit. Aenean commodo', 500000, 'GENERAL', 'FOR_SALE', '2022-07-11 14:27:00', 'art20.png', '4b65fb85bc.png'),
    (20, 'art21', 'Lorem ipsum dolor sit amet, consectetuer adipiscing elit. Aenean commodo', 49000, 'AUCTION', 'SOLD_OUT', '2022-07-11 18:18:11', 'art21.png', '8c09d0a49e.png'),
    (19, 'art22', 'Lorem ipsum dolor sit amet, consectetuer adipiscing elit. Aenean commodo', 20000, 'AUCTION', 'SOLD_OUT', '2022-07-12 06:05:12', 'art22.png', 'e00c5153d1.png'),
    (19, 'art23', 'Lorem ipsum dolor sit amet, consectetuer adipiscing elit. Aenean commodo', 30000, 'AUCTION', 'SOLD_OUT', '2022-07-12 07:19:20', 'art23.png', 'f91f850e58.png'),
    (15, 'art24', 'Lorem ipsum dolor sit amet, consectetuer adipiscing elit. Aenean commodo', 53000, 'AUCTION', 'SOLD_OUT', '2022-07-13 16:39:14', 'art24.png', '05899cf0c2.png'),
    (50, 'art25', 'Lorem ipsum dolor sit amet, consectetuer adipiscing elit. Aenean commodo', 45000, 'AUCTION', 'SOLD_OUT', '2022-07-15 09:01:15', 'art25.png', 'ba5bf0b5ca.png'),
    (1, 'art26', 'Lorem ipsum dolor sit amet, consectetuer adipiscing elit. Aenean commodo', 35000, 'GENERAL', 'FOR_SALE', '2022-07-15 14:24:00', 'art26.png', '7eedfffa63.png'),
    (15, 'art27', 'Lorem ipsum dolor sit amet, consectetuer adipiscing elit. Aenean commodo', 20000, 'AUCTION', 'SOLD_OUT', '2022-07-15 16:22:16', 'art27.png', 'c0aa2971dd.png'),
    (3, 'art28', 'Lorem ipsum dolor sit amet, consectetuer adipiscing elit. Aenean commodo', 10000, 'AUCTION', 'SOLD_OUT', '2022-07-15 19:30:17', 'art28.png', '79d81a59d8.png'),
    (46, 'art29', 'Lorem ipsum dolor sit amet, consectetuer adipiscing elit. Aenean commodo', 15000, 'AUCTION', 'SOLD_OUT', '2022-07-16 10:00:18', 'art29.png', '9d0b6a16b2.png'),
    (5, 'art30', 'Lorem ipsum dolor sit amet, consectetuer adipiscing elit. Aenean commodo', 17000, 'GENERAL', 'SOLD_OUT', '2022-07-16 11:00:00', 'art30.png', '6b83e8b26c.png'),
    (46, 'art31', 'Lorem ipsum dolor sit amet, consectetuer adipiscing elit. Aenean commodo', 12000, 'AUCTION', 'FOR_SALE', '2022-07-16 11:14:19', 'art31.png', 'f9613e7878.png'),
    (46, 'art32', 'Lorem ipsum dolor sit amet, consectetuer adipiscing elit. Aenean commodo', 35000, 'GENERAL', 'FOR_SALE', '2022-07-16 14:24:22', 'art32.png', 'f96a329a81.png'),
    (1, 'art33', 'Lorem ipsum dolor sit amet, consectetuer adipiscing elit. Aenean commodo', 35000, 'AUCTION', 'FOR_SALE', '2022-07-16 17:48:20', 'art33.png', '1ba5445fbe.png'),
    (5, 'art34', 'Lorem ipsum dolor sit amet, consectetuer adipiscing elit. Aenean commodo', 42000, 'AUCTION', 'FOR_SALE', '2022-07-18 08:29:21', 'art34.png', '9a86fe489a.png'),
    (1, 'art35', 'Lorem ipsum dolor sit amet, consectetuer adipiscing elit. Aenean commodo', 19000, 'GENERAL', 'FOR_SALE', '2022-07-18 11:34:27', 'art35.png', '08af55904f.png'),
    (15, 'art36', 'Lorem ipsum dolor sit amet, consectetuer adipiscing elit. Aenean commodo', 75000, 'GENERAL', 'FOR_SALE', '2022-07-18 12:02:00', 'art36.png', '65c8c12227.png'),
    (41, 'art37', 'Lorem ipsum dolor sit amet, consectetuer adipiscing elit. Aenean commodo', 72000, 'AUCTION', 'FOR_SALE', '2022-07-18 14:32:22', 'art37.png', '704ed10b36.png'),
    (46, 'art38', 'Lorem ipsum dolor sit amet, consectetuer adipiscing elit. Aenean commodo', 85000, 'AUCTION', 'FOR_SALE', '2022-07-18 19:59:23', 'art38.png', 'a2f0723ae8.png'),
    (50, 'art39', 'Lorem ipsum dolor sit amet, consectetuer adipiscing elit. Aenean commodo', 115000, 'GENERAL', 'FOR_SALE', '2022-07-19 05:14:00', 'art39.png', '45afd86948.png'),
    (19, 'art40', 'Lorem ipsum dolor sit amet, consectetuer adipiscing elit. Aenean commodo', 120000, 'AUCTION', 'FOR_SALE', '2022-07-19 20:10:24', 'art40.png', 'c8e8c7f677.png'),
    (1, 'art41', 'Lorem ipsum dolor sit amet, consectetuer adipiscing elit. Aenean commodo', 25000, 'AUCTION', 'FOR_SALE', '2022-07-24 08:10:25', 'art41.png', 'af7136e3a5.png'),
    (3, 'art42', 'Lorem ipsum dolor sit amet, consectetuer adipiscing elit. Aenean commodo', 17000, 'AUCTION', 'FOR_SALE', '2022-07-24 11:15:26', 'art42.png', '0fd118d315.png'),
    (3, 'art43', 'Lorem ipsum dolor sit amet, consectetuer adipiscing elit. Aenean commodo', 36000, 'GENERAL', 'FOR_SALE', '2022-07-24 13:02:15', 'art43.png', '549cc6c381.png'),
    (7, 'art44', 'Lorem ipsum dolor sit amet, consectetuer adipiscing elit. Aenean commodo', 42000, 'AUCTION', 'FOR_SALE', '2022-07-24 13:05:27', 'art44.png', 'c38f6409dd.png'),
    (8, 'art45', 'Lorem ipsum dolor sit amet, consectetuer adipiscing elit. Aenean commodo', 87000, 'AUCTION', 'FOR_SALE', '2022-07-24 21:53:28', 'art45.png', '78b6343041.png'),
    (46, 'art46', 'Lorem ipsum dolor sit amet, consectetuer adipiscing elit. Aenean commodo', 90000, 'AUCTION', 'FOR_SALE', '2022-07-27 11:01:29', 'art46.png', 'a20037ace4.png'),
    (41, 'art47', 'Lorem ipsum dolor sit amet, consectetuer adipiscing elit. Aenean commodo', 96000, 'GENERAL', 'FOR_SALE', '2022-07-27 11:27:00', 'art47.png', 'aa3d908f77.png'),
    (32, 'art48', 'Lorem ipsum dolor sit amet, consectetuer adipiscing elit. Aenean commodo', 52000, 'AUCTION', 'FOR_SALE', '2022-07-27 12:10:30', 'art48.png', '0106dd0149.png'),
    (32, 'art49', 'Lorem ipsum dolor sit amet, consectetuer adipiscing elit. Aenean commodo', 51000, 'AUCTION', 'FOR_SALE', '2022-07-31 09:10:31', 'art49.png', '4f3ea26ba5.png'),
    (19, 'art50', 'Lorem ipsum dolor sit amet, consectetuer adipiscing elit. Aenean commodo', 50000, 'AUCTION', 'FOR_SALE', '2022-07-31 11:32:32', 'art50.png', 'f7235867a3.png'),
    (3, 'art51', 'Lorem ipsum dolor sit amet, consectetuer adipiscing elit. Aenean commodo', 52000, 'GENERAL', 'FOR_SALE', '2022-07-31 13:18:00', 'art51.png', 'a0e149c6aa.png'),
    (7, 'art52', 'Lorem ipsum dolor sit amet, consectetuer adipiscing elit. Aenean commodo', 53000, 'AUCTION', 'FOR_SALE', '2022-07-31 15:38:33', 'art52.png', 'eeb3af5019.png'),
    (7, 'art53', 'Lorem ipsum dolor sit amet, consectetuer adipiscing elit. Aenean commodo', 54000, 'AUCTION', 'FOR_SALE', '2022-08-01 10:14:34', 'art53.png', '6c0b61a671.png'),
    (7, 'art54', 'Lorem ipsum dolor sit amet, consectetuer adipiscing elit. Aenean commodo', 55000, 'AUCTION', 'FOR_SALE', '2022-08-01 11:31:35', 'art54.png', '2691590c6f.png'),
    (8, 'art55', 'Lorem ipsum dolor sit amet, consectetuer adipiscing elit. Aenean commodo', 58000, 'AUCTION', 'FOR_SALE', '2022-08-10 12:15:36', 'art55.png', '1da3564a63.png'),
    (50, 'art56', 'Lorem ipsum dolor sit amet, consectetuer adipiscing elit. Aenean commodo', 42000, 'AUCTION', 'FOR_SALE', '2022-08-10 15:38:37', 'art56.png', '0dfbad23ea.png'),
    (46, 'art57', 'Lorem ipsum dolor sit amet, consectetuer adipiscing elit. Aenean commodo', 32000, 'AUCTION', 'FOR_SALE', '2022-08-21 13:01:38', 'art57.png', '81c19d70ee.png'),
    (46, 'art58', 'Lorem ipsum dolor sit amet, consectetuer adipiscing elit. Aenean commodo', 39000, 'AUCTION', 'FOR_SALE', '2022-08-24 10:30:39', 'art58.png', 'f0149d8ffa.png'),
    (19, 'art59', 'Lorem ipsum dolor sit amet, consectetuer adipiscing elit. Aenean commodo', 37000, 'GENERAL', 'FOR_SALE', '2022-08-27 16:22:12', 'art59.png', '75afe19cb3.png'),
    (41, 'art60', 'Lorem ipsum dolor sit amet, consectetuer adipiscing elit. Aenean commodo', 30000, 'AUCTION', 'FOR_SALE', '2022-08-29 12:10:40', 'art60.png', '752d642c9c.png'),
    (41, 'art61', 'Lorem ipsum dolor sit amet, consectetuer adipiscing elit. Aenean commodo', 15000, 'AUCTION', 'FOR_SALE', '2022-09-08 14:20:41', 'art61.png', '1a60618fb6.png'),
    (41, 'art62', 'Lorem ipsum dolor sit amet, consectetuer adipiscing elit. Aenean commodo', 5000, 'AUCTION', 'FOR_SALE', '2022-09-12 11:59:42', 'art62.png', '88a6efe35d.png'),
    (15, 'art63', 'Lorem ipsum dolor sit amet, consectetuer adipiscing elit. Aenean commodo', 20000, 'AUCTION', 'FOR_SALE', '2022-09-13 14:39:43', 'art63.png', '2904472f26.png'),
    (32, 'art64', 'Lorem ipsum dolor sit amet, consectetuer adipiscing elit. Aenean commodo', 25000, 'AUCTION', 'FOR_SALE', '2022-09-17 09:13:44', 'art64.png', '750b0996a7.png'),
    (15, 'art65', 'Lorem ipsum dolor sit amet, consectetuer adipiscing elit. Aenean commodo', 29000, 'AUCTION', 'FOR_SALE', '2022-09-17 16:10:45', 'art65.png', '675cd297ab.png'),
    (3, 'art66', 'Lorem ipsum dolor sit amet, consectetuer adipiscing elit. Aenean commodo', 30000, 'GENERAL', 'FOR_SALE', '2022-09-19 21:14:33', 'art66.png', '790970dec5.png'),
    (3, 'art67', 'Lorem ipsum dolor sit amet, consectetuer adipiscing elit. Aenean commodo', 31000, 'AUCTION', 'FOR_SALE', '2022-09-20 10:01:46', 'art67.png', '013e757dd8.png'),
    (1, 'art68', 'Lorem ipsum dolor sit amet, consectetuer adipiscing elit. Aenean commodo', 32000, 'AUCTION', 'FOR_SALE', '2022-09-20 14:40:47', 'art68.png', 'b12221a5c5.png'),
    (46, 'art69', 'Lorem ipsum dolor sit amet, consectetuer adipiscing elit. Aenean commodo', 35000, 'AUCTION', 'FOR_SALE', '2022-09-20 17:39:48', 'art69.png', 'da32dfd29a.png'),
    (1, 'art70', 'Lorem ipsum dolor sit amet, consectetuer adipiscing elit. Aenean commodo', 40000, 'AUCTION', 'FOR_SALE', '2022-09-24 10:00:49', 'art70.png', 'd71fec8202.png'),
    (41, 'art71', 'Lorem ipsum dolor sit amet, consectetuer adipiscing elit. Aenean commodo', 42000, 'AUCTION', 'FOR_SALE', '2022-09-24 11:24:50', 'art71.png', '3b9efc44de.png'),
    (15, 'art72', 'Lorem ipsum dolor sit amet, consectetuer adipiscing elit. Aenean commodo', 55000, 'AUCTION', 'FOR_SALE', '2022-09-28 14:20:51', 'art72.png', '907da69d41.png'),
    (46, 'art73', 'Lorem ipsum dolor sit amet, consectetuer adipiscing elit. Aenean commodo', 95000, 'AUCTION', 'FOR_SALE', '2022-09-28 15:59:52', 'art73.png', 'd08f8d39e9.png'),
    (46, 'art74', 'Lorem ipsum dolor sit amet, consectetuer adipiscing elit. Aenean commodo', 85000, 'AUCTION', 'FOR_SALE', '2022-09-28 18:30:53', 'art74.png', 'a2c0815a96.png'),
    (50, 'art75', 'Lorem ipsum dolor sit amet, consectetuer adipiscing elit. Aenean commodo', 75000, 'AUCTION', 'FOR_SALE', '2022-10-01 10:01:54', 'art75.png', '79b3bd6497.png'),
    (46, 'art76', 'Lorem ipsum dolor sit amet, consectetuer adipiscing elit. Aenean commodo', 69000, 'AUCTION', 'FOR_SALE', '2022-10-03 13:39:55', 'art76.png', '97cb63af8f.png'),
    (7, 'art77', 'Lorem ipsum dolor sit amet, consectetuer adipiscing elit. Aenean commodo', 52000, 'AUCTION', 'FOR_SALE', '2022-10-03 14:10:56', 'art77.png', '103efbe650.png'),
    (46, 'art78', 'Lorem ipsum dolor sit amet, consectetuer adipiscing elit. Aenean commodo', 50000, 'GENERAL', 'FOR_SALE', '2022-10-04 09:14:32', 'art78.png', '3d8f154566.png'),
    (8, 'art79', 'Lorem ipsum dolor sit amet, consectetuer adipiscing elit. Aenean commodo', 34000, 'AUCTION', 'FOR_SALE', '2022-10-05 15:01:57', 'art79.png', 'fee93c541b.png'),
    (46, 'art80', 'Lorem ipsum dolor sit amet, consectetuer adipiscing elit. Aenean commodo', 47000, 'AUCTION', 'FOR_SALE', '2022-10-09 19:39:58', 'art80.png', '667d76c094.png'),
    (5, 'art81', 'Lorem ipsum dolor sit amet, consectetuer adipiscing elit. Aenean commodo', 42000, 'AUCTION', 'FOR_SALE', '2022-10-13 10:16:59', 'art81.png', '5cc636c2d2.png'),
    (46, 'art82', 'Lorem ipsum dolor sit amet, consectetuer adipiscing elit. Aenean commodo', 10000, 'AUCTION', 'FOR_SALE', '2022-10-13 12:39::00', 'art82.png', '9277a066eb.png'),
    (3, 'art83', 'Lorem ipsum dolor sit amet, consectetuer adipiscing elit. Aenean commodo', 62000, 'AUCTION', 'FOR_SALE', '2022-10-13 22:10:01', 'art83.png', '86bfdb0ea2.png'),
    (3, 'art84', 'Lorem ipsum dolor sit amet, consectetuer adipiscing elit. Aenean commodo', 64000, 'AUCTION', 'FOR_SALE', '2022-10-19 09:11:02', 'art84.png', 'ab01a14636.png'),
    (3, 'art85', 'Lorem ipsum dolor sit amet, consectetuer adipiscing elit. Aenean commodo', 69000, 'GENERAL', 'FOR_SALE', '2022-10-19 19:22:37', 'art85.png', '99bdf0c1c3.png'),
    (41, 'art86', 'Lorem ipsum dolor sit amet, consectetuer adipiscing elit. Aenean commodo', 50000, 'AUCTION', 'FOR_SALE', '2022-10-20 15:32:03', 'art86.png', '50c0d4e901.png'),
    (19, 'art87', 'Lorem ipsum dolor sit amet, consectetuer adipiscing elit. Aenean commodo', 125000, 'AUCTION', 'FOR_SALE', '2022-10-20 18:20:04', 'art87.png', '0ca237b75d.png'),
    (46, 'art88', 'Lorem ipsum dolor sit amet, consectetuer adipiscing elit. Aenean commodo', 135000, 'AUCTION', 'FOR_SALE', '2022-10-22 11:10:05', 'art88.png', 'd022616d34.png'),
    (32, 'art89', 'Lorem ipsum dolor sit amet, consectetuer adipiscing elit. Aenean commodo', 145000, 'AUCTION', 'FOR_SALE', '2022-10-22 12:39:06', 'art89.png', 'b9ee19c15e.png'),
    (46, 'art90', 'Lorem ipsum dolor sit amet, consectetuer adipiscing elit. Aenean commodo', 530000, 'AUCTION', 'FOR_SALE', '2022-10-22 14:38:07', 'art90.png', '5105d57af8.png'),
    (41, 'art91', 'Lorem ipsum dolor sit amet, consectetuer adipiscing elit. Aenean commodo', 350000, 'AUCTION', 'FOR_SALE', '2022-10-24 11:19:08', 'art91.png', '0a79ac4922.png'),
    (50, 'art92', 'Lorem ipsum dolor sit amet, consectetuer adipiscing elit. Aenean commodo', 30000, 'AUCTION', 'FOR_SALE', '2022-10-24 19:20:09', 'art92.png', '276efec0a6.png'),
    (46, 'art93', 'Lorem ipsum dolor sit amet, consectetuer adipiscing elit. Aenean commodo', 92000, 'AUCTION', 'FOR_SALE', '2022-10-29 20:39:10', 'art93.png', '38c6895d68.png'),
    (32, 'art94', 'Lorem ipsum dolor sit amet, consectetuer adipiscing elit. Aenean commodo', 90000, 'AUCTION', 'FOR_SALE', '2022-10-31 22:19:11', 'art94.png', '3ae57d2ba2.png'),
    (15, 'art95', 'Lorem ipsum dolor sit amet, consectetuer adipiscing elit. Aenean commodo', 64000, 'AUCTION', 'FOR_SALE', '2022-11-04 18:29:12', 'art95.png', 'f826738c08.png');

INSERT INTO art_hashtag(art_id, name)
VALUES
    (1, '전통'),
    (1, '자연'),
    (1, '카우보이'),
    (1, '말'),
    (2, '따뜻함'),
    (2, '인형'),
    (2, '장식'),
    (2, '크리스마스'),
    (3, '샤토'),
    (3, '르네상스'),
    (3, '프랑스'),
    (3, '아키텍쳐'),
    (3, '성'),
    (4, '사람'),
    (4, '이동수단'),
    (4, '통행'),
    (4, '브릿지'),
    (5, '햇빛'),
    (5, '나뭇가지'),
    (5, '벚꽃'),
    (5, '풍경'),
    (5, '한국'),
    (6, '바다'),
    (6, '항해'),
    (6, '배'),
    (7, '캐리커쳐'),
    (7, '수염'),
    (7, '산타클로스'),
    (7, '얼굴'),
    (8, '야수'),
    (8, '판타지'),
    (8, '동물'),
    (8, '드래곤'),
    (9, '겨울'),
    (9, '눈바람'),
    (9, '겨울 풍경'),
    (9, '루돌프'),
    (9, '크리스마스'),
    (9, '산타클로스'),
    (10, '모자'),
    (10, '카우보이'),
    (11, '고뇌'),
    (11, '옥상'),
    (11, '비'),
    (12, '예술'),
    (12, '장식'),
    (12, '문양'),
    (12, '코끼리'),
    (13, '펌킨'),
    (13, '할로윈'),
    (13, '사탕'),
    (14, '산'),
    (14, '자연'),
    (14, '건축물'),
    (14, '편안함'),
    (14, '하얀색'),
    (15, '말'),
    (15, '문화'),
    (15, '고대 문명'),
    (15, '이집트'),
    (16, '행복'),
    (16, '자유'),
    (16, '소원'),
    (16, '꿈'),
    (16, '드림캐처'),
    (17, '자유로움'),
    (17, '비행'),
    (17, '하늘'),
    (17, '갈매기'),
    (18, '편안함'),
    (18, '휴식'),
    (18, '행복'),
    (18, '잠자리'),
    (18, '꿈'),
    (19, '아름다움'),
    (19, '예술'),
    (19, '나무'),
    (19, '편안함'),
    (19, '벚꽃'),
    (19, '한국'),
    (19, '배경'),
    (20, '작업'),
    (20, '노동'),
    (20, '소금'),
    (20, '염전'),
    (21, '어린이'),
    (21, '선물'),
    (21, '산타'),
    (21, '루돌프'),
    (21, '크리스마스'),
    (22, '예술'),
    (22, '장식'),
    (22, '꽃'),
    (23, '중국'),
    (23, '대나무'),
    (23, '자연'),
    (23, '판다'),
    (24, '행복'),
    (24, '할로윈'),
    (24, '랜턴'),
    (24, '소년'),
    (25, '갤럭시'),
    (25, '조화'),
    (25, '별'),
    (25, '스파크'),
    (25, '우주'),
    (26, '행복'),
    (26, '즐거움'),
    (26, '낚시'),
    (26, '어린이'),
    (26, '아이'),
    (27, '빨강'),
    (27, '루돌프'),
    (27, '크리스마스'),
    (27, '고양이'),
    (28, '생각'),
    (28, '고뇌'),
    (28, '햇빛'),
    (28, '숲'),
    (28, '폭포'),
    (28, '여성'),
    (29, '스페인'),
    (29, '차가움'),
    (29, '따뜻함'),
    (29, '나무'),
    (29, '크리스마스'),
    (29, '설원'),
    (29, '겨울'),
    (30, '자유'),
    (30, '희망'),
    (30, '도움'),
    (30, '배려'),
    (30, '꽃'),
    (31, '희망'),
    (31, '배려'),
    (31, '손'),
    (31, '도움'),
    (32, '직장'),
    (32, '협동'),
    (32, '손'),
    (33, '불빛'),
    (33, '가로등'),
    (33, '지하철'),
    (33, '고단함'),
    (33, '배경'),
    (33, '밤'),
    (33, '직장인'),
    (34, '파티'),
    (34, '즐거움'),
    (34, '트리'),
    (34, '크리스마스'),
    (35, '희망의 끈'),
    (35, '두려움'),
    (35, '벽'),
    (35, '어두움'),
    (36, '별'),
    (36, '우주'),
    (36, '은하'),
    (36, '은하계'),
    (36, '갤럭시'),
    (37, '호수'),
    (37, '물방울'),
    (37, '깨끗함'),
    (37, '평화'),
    (38, '포레스트'),
    (38, '숲'),
    (38, '산'),
    (38, '힘'),
    (38, '자연'),
    (38, '거대함'),
    (38, '웅장함'),
    (39, '디자인'),
    (39, '건축물'),
    (39, '성'),
    (39, '자유로움'),
    (39, '가상세계'),
    (39, '드레스'),
    (39, '여신'),
    (40, '빨강'),
    (40, '나무'),
    (40, '숲'),
    (40, '색감'),
    (40, '낙엽'),
    (40, '가을'),
    (41, '별'),
    (41, '달'),
    (41, '태양'),
    (41, '은하계'),
    (41, '우주'),
    (41, '지구'),
    (42, '나이'),
    (42, '하늘'),
    (42, '자연'),
    (42, '나무'),
    (42, '일몰'),
    (43, '꽃'),
    (43, '식물'),
    (44, '고양이'),
    (44, '가족'),
    (44, '반려견'),
    (45, '예술'),
    (45, '아름다움'),
    (45, '향기'),
    (45, '꽃'),
    (46, '내방'),
    (46, '컴공'),
    (46, '노트북'),
    (46, '일상'),
    (47, '나뭇잎'),
    (48, '자연'),
    (48, '하늘'),
    (48, '사랑'),
    (48, '하트'),
    (48, '구름'),
    (49, '일상'),
    (49, '자유'),
    (49, '축구'),
    (49, '어린시절'),
    (50, '런던'),
    (50, '달'),
    (50, '자유'),
    (50, '억압'),
    (50, '소년'),
    (50, '희망'),
    (51, '커피'),
    (51, '여유'),
    (51, '자유시간'),
    (51, '신문'),
    (52, '새'),
    (52, '자유로움'),
    (52, '하늘'),
    (52, '구름'),
    (53, '야생성'),
    (53, '동물'),
    (53, '자연'),
    (53, '산'),
    (53, '늑대'),
    (54, '하트'),
    (54, '사랑'),
    (54, '동물'),
    (54, '토끼'),
    (55, '도로'),
    (55, '동물'),
    (55, '풀'),
    (55, '길'),
    (55, '고양이 손'),
    (55, '고양이'),
    (56, '동물'),
    (56, '개'),
    (56, '캐리커쳐'),
    (56, '강아지'),
    (57, '귀여움'),
    (57, '애완동물'),
    (57, '웃음'),
    (57, '고양이'),
    (58, '귀여움'),
    (58, '애완동물'),
    (58, '펫'),
    (58, '편안함'),
    (58, '하얀색'),
    (58, '고슴도치'),
    (59, '뿔'),
    (59, '나무'),
    (59, '자연'),
    (59, '노을'),
    (59, '사슴'),
    (59, '동물'),
    (60, '드레스'),
    (60, '유니콘'),
    (60, '말'),
    (60, '여성'),
    (61, '색채감'),
    (61, '나뭇가지'),
    (61, '꽃'),
    (61, '새'),
    (62, '생태계'),
    (62, '귀여움'),
    (62, '벨루가'),
    (62, '돌고래'),
    (62, '바다'),
    (63, '애완동물'),
    (63, '귀여움'),
    (63, '고양이'),
    (64, '공포'),
    (64, '야생성'),
    (64, '동물의 왕'),
    (64, '사자'),
    (64, '무법자'),
    (65, '새'),
    (65, '독수리'),
    (65, '자연'),
    (66, '동물'),
    (66, '귀여움'),
    (66, '여우'),
    (66, '아이슬란드'),
    (67, '숲'),
    (67, '정글'),
    (67, '코끼리'),
    (67, '생태계'),
    (67, '자연'),
    (68, '컬러풀'),
    (68, '자유로움'),
    (68, '자연'),
    (68, '파라솔'),
    (68, '시원함'),
    (68, '하늘'),
    (68, '우산'),
    (69, '뮤지션'),
    (69, '예술가'),
    (69, '싱어송라이터'),
    (69, '음악'),
    (69, '버스킹'),
    (70, '할로윈'),
    (70, '페이스 마스크'),
    (70, '축제'),
    (70, '가면'),
    (70, '코스튬'),
    (70, '얼굴'),
    (71, '편안함'),
    (71, '환경'),
    (71, '나무'),
    (71, '초록'),
    (71, '색감'),
    (71, '나뭇잎'),
    (72, '행성'),
    (72, '우주'),
    (72, '태양'),
    (72, '도시'),
    (72, '공동체'),
    (72, '행복'),
    (72, '웃음'),
    (73, '조랑말'),
    (73, '블랙 앤 화이트'),
    (73, '종이접기'),
    (74, '아키텍처'),
    (74, '건물'),
    (74, '타워'),
    (74, '빌딩'),
    (75, '브릿지'),
    (75, '공원'),
    (75, '나무'),
    (75, '바티칸'),
    (75, '도시'),
    (76, '가족'),
    (76, '모성애'),
    (76, '나무'),
    (76, '아기'),
    (76, '조각상'),
    (76, '얼굴'),
    (77, '곤충'),
    (77, '페인팅'),
    (77, '나비'),
    (78, '옛날'),
    (78, '추억'),
    (78, '골동품'),
    (78, '쇼핑'),
    (78, '단지'),
    (78, '도기류'),
    (79, '그린'),
    (79, '음식'),
    (79, '신선함'),
    (79, '깨끗함'),
    (79, '전구'),
    (79, '과일'),
    (79, '사과'),
    (80, '물'),
    (80, '색칠'),
    (80, '배경'),
    (80, '텍스처'),
    (80, '편안함'),
    (80, '파랑'),
    (80, '구름'),
    (81, '아키텍쳐'),
    (81, '건축물'),
    (81, '오페라 하우스'),
    (81, '오페라'),
    (81, '시드니'),
    (82, '여행'),
    (82, '기차'),
    (82, '가을'),
    (82, '노을'),
    (82, '철도'),
    (83, '금속 난간'),
    (83, '건축'),
    (83, '다리'),
    (83, '철문'),
    (84, '벽화'),
    (84, '그래피티'),
    (84, '거리 예술'),
    (84, '아티스트'),
    (85, '황제'),
    (85, '베를린'),
    (85, '석양'),
    (85, '건축물'),
    (85, '말'),
    (86, '감정'),
    (86, '공허함'),
    (86, '예술 작품'),
    (86, '플라즈마'),
    (86, '담배'),
    (86, '연기'),
    (87, '물결'),
    (87, '얼음'),
    (87, '차가움'),
    (88, '월드컵'),
    (88, '불꽃'),
    (88, '축구공'),
    (88, '축구'),
    (88, '타조'),
    (89, '인공지능'),
    (89, '사각형과 삼각형'),
    (89, '조화'),
    (89, '도형'),
    (89, '작품'),
    (89, '로봇'),
    (90, '병'),
    (90, '붓'),
    (90, '수채화 도구'),
    (90, '그림'),
    (90, '예술'),
    (90, '연필'),
    (91, '도시'),
    (91, '텅 빈 도로'),
    (91, '연기'),
    (91, '자동차'),
    (91, '공허함'),
    (91, '밤'),
    (91, '거리'),
    (92, '웃음'),
    (92, '가족'),
    (92, '남매'),
    (92, '자전거'),
    (93, '은하'),
    (93, '은하수'),
    (93, '별'),
    (93, '죽음'),
    (93, '우주'),
    (94, '손'),
    (94, '아기'),
    (94, '부모'),
    (94, '맞잡은 손'),
    (94, '손가락'),
    (94, '잠'),
    (95, '얼굴'),
    (95, '손'),
    (95, '색채'),
    (95, '조화'),
    (95, '눈동자');

INSERT INTO auction(art_id, bidder_id, bid_amount, start_date, end_date)
VALUES
    (1, 2, 40000, '2022-01-01 10:00:00', '2022-02-01 10:00:00'),
    (2, 23, 55000, '2022-01-02 10:00:00', '2022-02-02 10:00:00'),
    (4, 11, 100000, '2022-01-03 10:00:00', '2022-02-03 10:00:00'),
    (5, 24, 75000, '2022-01-04 10:00:00', '2022-02-04 10:00:00'),
    (6, 49, 25000, '2022-01-05 10:00:00', '2022-02-05 10:00:00'),
    (7, 13, 36000, '2022-01-06 10:00:00', '2022-02-06 10:00:00'),
    (11, 27, 750000, '2022-01-07 10:00:00', '2022-02-07 10:00:00'),
    (13, 39, 5000, '2022-01-08 10:00:00', '2022-02-08 10:00:00'),
    (15, 37, 78000, '2022-01-09 10:00:00', '2022-02-09 10:00:00'),
    (17, 21, 49000, '2022-01-10 10:00:00', '2022-02-10 10:00:00'),
    (19, 18, 132000, '2022-01-11 10:00:00', '2022-02-10 10:00:00'),
    (21, 44, 130000, '2022-01-12 10:00:00', '2022-02-10 10:00:00'),
    (22, 14, 20000, '2022-01-13 10:00:00', '2022-02-10 10:00:00'),
    (23, 22, 95000, '2022-01-14 10:00:00', '2022-02-10 10:00:00'),
    (24, 35, 230000, '2022-01-15 10:00:00', '2022-02-10 10:00:00'),
    (25, 28, 45000, '2022-01-16 10:00:00', '2022-02-12 10:00:00'),
    (27, 33, 48000, '2022-01-17 10:00:00', '2022-02-13 10:00:00'),
    (28, 34, 10000, '2022-01-18 10:00:00', '2022-02-15 10:00:00'),
    (29, 26, 34000, '2022-01-19 10:00:00', '2022-02-16 10:00:00'),
    (31, 49, 37000, DATE_FORMAT(SUBDATE(CURRENT_TIMESTAMP, INTERVAL (RAND() * 24 * 3) HOUR), '%Y-%m-%d %H'), DATE_FORMAT(ADDDATE(CURRENT_TIMESTAMP, INTERVAL (RAND() * 24 * 3) HOUR), '%Y-%m-%d %H')),
    (33, 10, 60000, DATE_FORMAT(SUBDATE(CURRENT_TIMESTAMP, INTERVAL (RAND() * 24 * 3) HOUR), '%Y-%m-%d %H'), DATE_FORMAT(ADDDATE(CURRENT_TIMESTAMP, INTERVAL (RAND() * 24 * 3) HOUR), '%Y-%m-%d %H')),
    (34, 16, 62000, DATE_FORMAT(SUBDATE(CURRENT_TIMESTAMP, INTERVAL (RAND() * 24 * 3) HOUR), '%Y-%m-%d %H'), DATE_FORMAT(ADDDATE(CURRENT_TIMESTAMP, INTERVAL (RAND() * 24 * 3) HOUR), '%Y-%m-%d %H')),
    (37, 6, 112000, DATE_FORMAT(SUBDATE(CURRENT_TIMESTAMP, INTERVAL (RAND() * 24 * 3) HOUR), '%Y-%m-%d %H'), DATE_FORMAT(ADDDATE(CURRENT_TIMESTAMP, INTERVAL (RAND() * 24 * 3) HOUR), '%Y-%m-%d %H')),
    (38, 39, 115000, DATE_FORMAT(SUBDATE(CURRENT_TIMESTAMP, INTERVAL (RAND() * 24 * 3) HOUR), '%Y-%m-%d %H'), DATE_FORMAT(ADDDATE(CURRENT_TIMESTAMP, INTERVAL (RAND() * 24 * 3) HOUR), '%Y-%m-%d %H')),
    (40, 14, 140000, DATE_FORMAT(SUBDATE(CURRENT_TIMESTAMP, INTERVAL (RAND() * 24 * 3) HOUR), '%Y-%m-%d %H'), DATE_FORMAT(ADDDATE(CURRENT_TIMESTAMP, INTERVAL (RAND() * 24 * 3) HOUR), '%Y-%m-%d %H')),
    (41, 10, 55000, DATE_FORMAT(SUBDATE(CURRENT_TIMESTAMP, INTERVAL (RAND() * 24 * 3) HOUR), '%Y-%m-%d %H'), DATE_FORMAT(ADDDATE(CURRENT_TIMESTAMP, INTERVAL (RAND() * 24 * 3) HOUR), '%Y-%m-%d %H')),
    (42, 25, 57000, DATE_FORMAT(SUBDATE(CURRENT_TIMESTAMP, INTERVAL (RAND() * 24 * 3) HOUR), '%Y-%m-%d %H'), DATE_FORMAT(ADDDATE(CURRENT_TIMESTAMP, INTERVAL (RAND() * 24 * 3) HOUR), '%Y-%m-%d %H')),
    (44, 18, 77000, DATE_FORMAT(SUBDATE(CURRENT_TIMESTAMP, INTERVAL (RAND() * 24 * 3) HOUR), '%Y-%m-%d %H'), DATE_FORMAT(ADDDATE(CURRENT_TIMESTAMP, INTERVAL (RAND() * 24 * 3) HOUR), '%Y-%m-%d %H')),
    (45, 42, 112000, DATE_FORMAT(SUBDATE(CURRENT_TIMESTAMP, INTERVAL (RAND() * 24 * 3) HOUR), '%Y-%m-%d %H'), DATE_FORMAT(ADDDATE(CURRENT_TIMESTAMP, INTERVAL (RAND() * 24 * 3) HOUR), '%Y-%m-%d %H')),
    (46, 25, 120000, DATE_FORMAT(SUBDATE(CURRENT_TIMESTAMP, INTERVAL (RAND() * 24 * 3) HOUR), '%Y-%m-%d %H'), DATE_FORMAT(ADDDATE(CURRENT_TIMESTAMP, INTERVAL (RAND() * 24 * 3) HOUR), '%Y-%m-%d %H')),
    (48, 22, 82000, DATE_FORMAT(SUBDATE(CURRENT_TIMESTAMP, INTERVAL (RAND() * 24 * 3) HOUR), '%Y-%m-%d %H'), DATE_FORMAT(ADDDATE(CURRENT_TIMESTAMP, INTERVAL (RAND() * 24 * 3) HOUR), '%Y-%m-%d %H')),
    (49, 2, 71000, DATE_FORMAT(SUBDATE(CURRENT_TIMESTAMP, INTERVAL (RAND() * 24 * 3) HOUR), '%Y-%m-%d %H'), DATE_FORMAT(ADDDATE(CURRENT_TIMESTAMP, INTERVAL (RAND() * 24 * 3) HOUR), '%Y-%m-%d %H')),
    (50, 4, 80000, DATE_FORMAT(SUBDATE(CURRENT_TIMESTAMP, INTERVAL (RAND() * 24 * 3) HOUR), '%Y-%m-%d %H'), DATE_FORMAT(ADDDATE(CURRENT_TIMESTAMP, INTERVAL (RAND() * 24 * 3) HOUR), '%Y-%m-%d %H')),
    (52, 14, 78000, DATE_FORMAT(SUBDATE(CURRENT_TIMESTAMP, INTERVAL (RAND() * 24 * 3) HOUR), '%Y-%m-%d %H'), DATE_FORMAT(ADDDATE(CURRENT_TIMESTAMP, INTERVAL (RAND() * 24 * 3) HOUR), '%Y-%m-%d %H')),
    (53, 39, 79000, DATE_FORMAT(SUBDATE(CURRENT_TIMESTAMP, INTERVAL (RAND() * 24 * 3) HOUR), '%Y-%m-%d %H'), DATE_FORMAT(ADDDATE(CURRENT_TIMESTAMP, INTERVAL (RAND() * 24 * 3) HOUR), '%Y-%m-%d %H')),
    (54, 27, 85000, DATE_FORMAT(SUBDATE(CURRENT_TIMESTAMP, INTERVAL (RAND() * 24 * 3) HOUR), '%Y-%m-%d %H'), DATE_FORMAT(ADDDATE(CURRENT_TIMESTAMP, INTERVAL (RAND() * 24 * 3) HOUR), '%Y-%m-%d %H')),
    (55, 36, 88000, DATE_FORMAT(SUBDATE(CURRENT_TIMESTAMP, INTERVAL (RAND() * 24 * 3) HOUR), '%Y-%m-%d %H'), DATE_FORMAT(ADDDATE(CURRENT_TIMESTAMP, INTERVAL (RAND() * 24 * 3) HOUR), '%Y-%m-%d %H')),
    (56, 36, 82000, DATE_FORMAT(SUBDATE(CURRENT_TIMESTAMP, INTERVAL (RAND() * 24 * 3) HOUR), '%Y-%m-%d %H'), DATE_FORMAT(ADDDATE(CURRENT_TIMESTAMP, INTERVAL (RAND() * 24 * 3) HOUR), '%Y-%m-%d %H')),
    (57, 30, 52000, DATE_FORMAT(SUBDATE(CURRENT_TIMESTAMP, INTERVAL (RAND() * 24 * 3) HOUR), '%Y-%m-%d %H'), DATE_FORMAT(ADDDATE(CURRENT_TIMESTAMP, INTERVAL (RAND() * 24 * 3) HOUR), '%Y-%m-%d %H')),
    (58, 33, 79000, DATE_FORMAT(SUBDATE(CURRENT_TIMESTAMP, INTERVAL (RAND() * 24 * 3) HOUR), '%Y-%m-%d %H'), DATE_FORMAT(ADDDATE(CURRENT_TIMESTAMP, INTERVAL (RAND() * 24 * 3) HOUR), '%Y-%m-%d %H')),
    (60, 47, 50000, DATE_FORMAT(SUBDATE(CURRENT_TIMESTAMP, INTERVAL (RAND() * 24 * 3) HOUR), '%Y-%m-%d %H'), DATE_FORMAT(ADDDATE(CURRENT_TIMESTAMP, INTERVAL (RAND() * 24 * 3) HOUR), '%Y-%m-%d %H')),
    (61, 21, 40000, DATE_FORMAT(SUBDATE(CURRENT_TIMESTAMP, INTERVAL (RAND() * 24 * 3) HOUR), '%Y-%m-%d %H'), DATE_FORMAT(ADDDATE(CURRENT_TIMESTAMP, INTERVAL (RAND() * 24 * 3) HOUR), '%Y-%m-%d %H')),
    (62, 13, 25000, DATE_FORMAT(SUBDATE(CURRENT_TIMESTAMP, INTERVAL (RAND() * 24 * 3) HOUR), '%Y-%m-%d %H'), DATE_FORMAT(ADDDATE(CURRENT_TIMESTAMP, INTERVAL (RAND() * 24 * 3) HOUR), '%Y-%m-%d %H')),
    (63, 36, 40000, DATE_FORMAT(SUBDATE(CURRENT_TIMESTAMP, INTERVAL (RAND() * 24 * 3) HOUR), '%Y-%m-%d %H'), DATE_FORMAT(ADDDATE(CURRENT_TIMESTAMP, INTERVAL (RAND() * 24 * 3) HOUR), '%Y-%m-%d %H')),
    (64, 16, 45000, DATE_FORMAT(SUBDATE(CURRENT_TIMESTAMP, INTERVAL (RAND() * 24 * 3) HOUR), '%Y-%m-%d %H'), DATE_FORMAT(ADDDATE(CURRENT_TIMESTAMP, INTERVAL (RAND() * 24 * 3) HOUR), '%Y-%m-%d %H')),
    (65, 39, 49000, DATE_FORMAT(SUBDATE(CURRENT_TIMESTAMP, INTERVAL (RAND() * 24 * 3) HOUR), '%Y-%m-%d %H'), DATE_FORMAT(ADDDATE(CURRENT_TIMESTAMP, INTERVAL (RAND() * 24 * 3) HOUR), '%Y-%m-%d %H')),
    (67, 49, 71000, DATE_FORMAT(SUBDATE(CURRENT_TIMESTAMP, INTERVAL (RAND() * 24 * 3) HOUR), '%Y-%m-%d %H'), DATE_FORMAT(ADDDATE(CURRENT_TIMESTAMP, INTERVAL (RAND() * 24 * 3) HOUR), '%Y-%m-%d %H')),
    (68, 22, 72000, DATE_FORMAT(SUBDATE(CURRENT_TIMESTAMP, INTERVAL (RAND() * 24 * 3) HOUR), '%Y-%m-%d %H'), DATE_FORMAT(ADDDATE(CURRENT_TIMESTAMP, INTERVAL (RAND() * 24 * 3) HOUR), '%Y-%m-%d %H')),
    (69, 27, 55000, DATE_FORMAT(SUBDATE(CURRENT_TIMESTAMP, INTERVAL (RAND() * 24 * 3) HOUR), '%Y-%m-%d %H'), DATE_FORMAT(ADDDATE(CURRENT_TIMESTAMP, INTERVAL (RAND() * 24 * 3) HOUR), '%Y-%m-%d %H')),
    (70, 12, 70000, DATE_FORMAT(SUBDATE(CURRENT_TIMESTAMP, INTERVAL (RAND() * 24 * 3) HOUR), '%Y-%m-%d %H'), DATE_FORMAT(ADDDATE(CURRENT_TIMESTAMP, INTERVAL (RAND() * 24 * 3) HOUR), '%Y-%m-%d %H')),
    (71, 6, 67000, DATE_FORMAT(SUBDATE(CURRENT_TIMESTAMP, INTERVAL (RAND() * 24 * 3) HOUR), '%Y-%m-%d %H'), DATE_FORMAT(ADDDATE(CURRENT_TIMESTAMP, INTERVAL (RAND() * 24 * 3) HOUR), '%Y-%m-%d %H')),
    (72, 16, 90000, DATE_FORMAT(SUBDATE(CURRENT_TIMESTAMP, INTERVAL (RAND() * 24 * 3) HOUR), '%Y-%m-%d %H'), DATE_FORMAT(ADDDATE(CURRENT_TIMESTAMP, INTERVAL (RAND() * 24 * 3) HOUR), '%Y-%m-%d %H')),
    (73, 25, 130000, DATE_FORMAT(SUBDATE(CURRENT_TIMESTAMP, INTERVAL (RAND() * 24 * 3) HOUR), '%Y-%m-%d %H'), DATE_FORMAT(ADDDATE(CURRENT_TIMESTAMP, INTERVAL (RAND() * 24 * 3) HOUR), '%Y-%m-%d %H')),
    (74, 34, 105000, DATE_FORMAT(SUBDATE(CURRENT_TIMESTAMP, INTERVAL (RAND() * 24 * 3) HOUR), '%Y-%m-%d %H'), DATE_FORMAT(ADDDATE(CURRENT_TIMESTAMP, INTERVAL (RAND() * 24 * 3) HOUR), '%Y-%m-%d %H')),
    (75, 14, 115000, DATE_FORMAT(SUBDATE(CURRENT_TIMESTAMP, INTERVAL (RAND() * 24 * 3) HOUR), '%Y-%m-%d %H'), DATE_FORMAT(ADDDATE(CURRENT_TIMESTAMP, INTERVAL (RAND() * 24 * 3) HOUR), '%Y-%m-%d %H')),
    (76, 42, 89000, DATE_FORMAT(SUBDATE(CURRENT_TIMESTAMP, INTERVAL (RAND() * 24 * 3) HOUR), '%Y-%m-%d %H'), DATE_FORMAT(ADDDATE(CURRENT_TIMESTAMP, INTERVAL (RAND() * 24 * 3) HOUR), '%Y-%m-%d %H')),
    (77, 45, 92000, DATE_FORMAT(SUBDATE(CURRENT_TIMESTAMP, INTERVAL (RAND() * 24 * 3) HOUR), '%Y-%m-%d %H'), DATE_FORMAT(ADDDATE(CURRENT_TIMESTAMP, INTERVAL (RAND() * 24 * 3) HOUR), '%Y-%m-%d %H')),
    (79, 38, 64000, DATE_FORMAT(SUBDATE(CURRENT_TIMESTAMP, INTERVAL (RAND() * 24 * 3) HOUR), '%Y-%m-%d %H'), DATE_FORMAT(ADDDATE(CURRENT_TIMESTAMP, INTERVAL (RAND() * 24 * 3) HOUR), '%Y-%m-%d %H')),
    (80, 24, 72000, DATE_FORMAT(SUBDATE(CURRENT_TIMESTAMP, INTERVAL (RAND() * 24 * 3) HOUR), '%Y-%m-%d %H'), DATE_FORMAT(ADDDATE(CURRENT_TIMESTAMP, INTERVAL (RAND() * 24 * 3) HOUR), '%Y-%m-%d %H')),
    (81, 39, 72000, DATE_FORMAT(SUBDATE(CURRENT_TIMESTAMP, INTERVAL (RAND() * 24 * 3) HOUR), '%Y-%m-%d %H'), DATE_FORMAT(ADDDATE(CURRENT_TIMESTAMP, INTERVAL (RAND() * 24 * 3) HOUR), '%Y-%m-%d %H')),
    (82, 2, 50000, DATE_FORMAT(SUBDATE(CURRENT_TIMESTAMP, INTERVAL (RAND() * 24 * 3) HOUR), '%Y-%m-%d %H'), DATE_FORMAT(ADDDATE(CURRENT_TIMESTAMP, INTERVAL (RAND() * 24 * 3) HOUR), '%Y-%m-%d %H')),
    (83, 21, 87000, DATE_FORMAT(SUBDATE(CURRENT_TIMESTAMP, INTERVAL (RAND() * 24 * 3) HOUR), '%Y-%m-%d %H'), DATE_FORMAT(ADDDATE(CURRENT_TIMESTAMP, INTERVAL (RAND() * 24 * 3) HOUR), '%Y-%m-%d %H')),
    (84, 10, 94000, DATE_FORMAT(SUBDATE(CURRENT_TIMESTAMP, INTERVAL (RAND() * 24 * 3) HOUR), '%Y-%m-%d %H'), DATE_FORMAT(ADDDATE(CURRENT_TIMESTAMP, INTERVAL (RAND() * 24 * 3) HOUR), '%Y-%m-%d %H')),
    (86, 29, 85000, DATE_FORMAT(SUBDATE(CURRENT_TIMESTAMP, INTERVAL (RAND() * 24 * 3) HOUR), '%Y-%m-%d %H'), DATE_FORMAT(ADDDATE(CURRENT_TIMESTAMP, INTERVAL (RAND() * 24 * 3) HOUR), '%Y-%m-%d %H')),
    (87, 24, 160000, DATE_FORMAT(SUBDATE(CURRENT_TIMESTAMP, INTERVAL (RAND() * 24 * 3) HOUR), '%Y-%m-%d %H'), DATE_FORMAT(ADDDATE(CURRENT_TIMESTAMP, INTERVAL (RAND() * 24 * 3) HOUR), '%Y-%m-%d %H')),
    (88, 17, 170000, DATE_FORMAT(SUBDATE(CURRENT_TIMESTAMP, INTERVAL (RAND() * 24 * 3) HOUR), '%Y-%m-%d %H'), DATE_FORMAT(ADDDATE(CURRENT_TIMESTAMP, INTERVAL (RAND() * 24 * 3) HOUR), '%Y-%m-%d %H')),
    (89, 9, 175000, DATE_FORMAT(SUBDATE(CURRENT_TIMESTAMP, INTERVAL (RAND() * 24 * 3) HOUR), '%Y-%m-%d %H'), DATE_FORMAT(ADDDATE(CURRENT_TIMESTAMP, INTERVAL (RAND() * 24 * 3) HOUR), '%Y-%m-%d %H')),
    (90, 6, 570000, DATE_FORMAT(SUBDATE(CURRENT_TIMESTAMP, INTERVAL (RAND() * 24 * 3) HOUR), '%Y-%m-%d %H'), DATE_FORMAT(ADDDATE(CURRENT_TIMESTAMP, INTERVAL (RAND() * 24 * 3) HOUR), '%Y-%m-%d %H')),
    (91, 35, 380000, DATE_FORMAT(SUBDATE(CURRENT_TIMESTAMP, INTERVAL (RAND() * 24 * 3) HOUR), '%Y-%m-%d %H'), DATE_FORMAT(ADDDATE(CURRENT_TIMESTAMP, INTERVAL (RAND() * 24 * 3) HOUR), '%Y-%m-%d %H')),
    (92, 45, 50000, DATE_FORMAT(SUBDATE(CURRENT_TIMESTAMP, INTERVAL (RAND() * 24 * 3) HOUR), '%Y-%m-%d %H'), DATE_FORMAT(ADDDATE(CURRENT_TIMESTAMP, INTERVAL (RAND() * 24 * 3) HOUR), '%Y-%m-%d %H')),
    (93, 14, 122000, DATE_FORMAT(SUBDATE(CURRENT_TIMESTAMP, INTERVAL (RAND() * 24 * 3) HOUR), '%Y-%m-%d %H'), DATE_FORMAT(ADDDATE(CURRENT_TIMESTAMP, INTERVAL (RAND() * 24 * 3) HOUR), '%Y-%m-%d %H')),
    (94, 37, 120000, DATE_FORMAT(SUBDATE(CURRENT_TIMESTAMP, INTERVAL (RAND() * 24 * 3) HOUR), '%Y-%m-%d %H'), DATE_FORMAT(ADDDATE(CURRENT_TIMESTAMP, INTERVAL (RAND() * 24 * 3) HOUR), '%Y-%m-%d %H')),
    (95, 18, 99000, DATE_FORMAT(SUBDATE(CURRENT_TIMESTAMP, INTERVAL (RAND() * 24 * 3) HOUR), '%Y-%m-%d %H'), DATE_FORMAT(ADDDATE(CURRENT_TIMESTAMP, INTERVAL (RAND() * 24 * 3) HOUR), '%Y-%m-%d %H'));

INSERT INTO auction_record(auction_id, bidder_id, bid_amount, bid_date)
VALUES
    (1, 2, 10000, '2023-01-18 00:00:22'),
    (1, 6, 12000, '2023-01-18 00:03:10'),
    (1, 17, 25000, '2023-01-18 00:03:11'),
    (1, 6, 30000, '2023-01-18 00:06:52'),
    (1, 2, 40000, '2023-01-18 00:08:32'),
    (2, 4, 20000, '2023-01-18 00:13:11'),
    (2, 23, 30000, '2023-01-18 00:14:14'),
    (2, 4, 32000, '2023-01-18 00:15:38'),
    (2, 23, 35000, '2023-01-18 00:17:34'),
    (2, 4, 36000, '2023-01-18 00:19:40'),
    (2, 23, 55000, '2023-01-18 00:24:18'),
    (3, 11, 100000, '2023-01-18 00:25:36'),
    (4, 9, 30000, '2023-01-18 00:30:07'),
    (4, 24, 31000, '2023-01-18 00:31:44'),
    (4, 43, 33000, '2023-01-18 00:34:16'),
    (4, 9, 34000, '2023-01-18 00:35:58'),
    (4, 42, 35000, '2023-01-18 00:42:43'),
    (4, 24, 36000, '2023-01-18 00:43:05'),
    (4, 9, 42000, '2023-01-18 00:44:12'),
    (4, 24, 45000, '2023-01-18 00:45:17'),
    (4, 43, 50000, '2023-01-18 00:46:35'),
    (4, 9, 51000, '2023-01-18 00:55:39'),
    (4, 43, 53000, '2023-01-18 01:04:45'),
    (4, 42, 58000, '2023-01-18 01:05:26'),
    (4, 24, 75000, '2023-01-18 01:05:32'),
    (5, 49, 25000, '2023-01-18 01:09:47'),
    (6, 48, 24000, '2023-01-18 01:16:55'),
    (6, 13, 25000, '2023-01-18 01:27:24'),
    (6, 48, 30000, '2023-01-18 01:29:55'),
    (6, 13, 31000, '2023-01-18 01:32:51'),
    (6, 48, 35000, '2023-01-18 01:33:21'),
    (6, 13, 36000, '2023-01-18 01:34:30'),
    (7, 12, 200000, '2023-01-18 01:35:05'),
    (7, 27, 220000, '2023-01-18 01:35:20'),
    (7, 12, 230000, '2023-01-18 01:37:05'),
    (7, 27, 250000, '2023-01-18 01:39:55'),
    (7, 12, 270000, '2023-01-18 01:40:52'),
    (7, 27, 290000, '2023-01-18 01:42:27'),
    (7, 12, 300000, '2023-01-18 01:44:54'),
    (7, 27, 310000, '2023-01-18 01:45:53'),
    (7, 12, 350000, '2023-01-18 01:52:04'),
    (7, 27, 380000, '2023-01-18 01:53:28'),
    (7, 12, 400000, '2023-01-18 01:57:58'),
    (7, 27, 550000, '2023-01-18 01:58:43'),
    (7, 12, 600000, '2023-01-18 01:59:20'),
    (7, 27, 750000, '2023-01-18 01:59:50'),
    (8, 39, 5000, '2023-01-18 02:00:46'),
    (9, 37, 33000, '2023-01-18 02:02:01'),
    (9, 47, 40000, '2023-01-18 02:04:10'),
    (9, 37, 78000, '2023-01-18 02:11:29'),
    (10, 21, 68000, '2023-01-18 02:13:01'),
    (11, 30, 300000, '2023-01-18 02:13:47'),
    (11, 18, 450000, '2023-01-18 02:21:12'),
    (11, 30, 680000, '2023-01-18 02:21:15'),
    (11, 18, 1320000, '2023-01-18 02:24:50'),
    (12, 40, 49000, '2023-01-18 02:25:39'),
    (12, 45, 50000, '2023-01-18 02:32:15'),
    (12, 44, 52000, '2023-01-18 02:37:14'),
    (12, 45, 54000, '2023-01-18 02:39:58'),
    (12, 40, 62000, '2023-01-18 02:39:58'),
    (12, 44, 63000, '2023-01-18 02:40:29'),
    (12, 40, 75000, '2023-01-18 02:41:58'),
    (12, 45, 76000, '2023-01-18 02:45:54'),
    (12, 44, 80000, '2023-01-18 02:47:01'),
    (12, 45, 92000, '2023-01-18 02:47:10'),
    (12, 40, 99000, '2023-01-18 02:51:48'),
    (12, 44, 130000, '2023-01-18 02:53:54'),
    (13, 14, 20000, '2023-01-18 03:01:09'),
    (14, 16, 30000, '2023-01-18 03:03:16'),
    (14, 25, 32000, '2023-01-18 03:04:44'),
    (14, 16, 33000, '2023-01-18 03:05:17'),
    (14, 10, 35000, '2023-01-18 03:07:08'),
    (14, 25, 40000, '2023-01-18 03:08:15'),
    (14, 16, 41000, '2023-01-18 03:09:39'),
    (14, 22, 45000, '2023-01-18 03:15:57'),
    (14, 16, 48000, '2023-01-18 03:18:36'),
    (14, 22, 49000, '2023-01-18 03:18:55'),
    (14, 25, 52000, '2023-01-18 03:21:47'),
    (14, 10, 53000, '2023-01-18 03:22:24'),
    (14, 45, 55000, '2023-01-18 03:27:42'),
    (14, 16, 62000, '2023-01-18 03:31:16'),
    (14, 45, 63000, '2023-01-18 03:36:38'),
    (14, 10, 72000, '2023-01-18 03:39:35'),
    (14, 22, 95000, '2023-01-18 03:48:08'),
    (15, 38, 53000, '2023-01-18 03:51:26'),
    (15, 31, 55000, '2023-01-18 03:55:12'),
    (15, 38, 62000, '2023-01-18 03:59:51'),
    (15, 31, 78000, '2023-01-18 04:05:55'),
    (15, 38, 96000, '2023-01-18 04:13:14'),
    (15, 31, 120000, '2023-01-18 04:16:09'),
    (15, 35, 230000, '2023-01-18 04:17:01'),
    (16, 28, 45000, '2023-01-18 04:23:58'),
    (17, 36, 20000, '2023-01-18 04:24:33'),
    (17, 33, 32000, '2023-01-18 04:27:24'),
    (17, 36, 35000, '2023-01-18 04:27:38'),
    (17, 33, 48000, '2023-01-18 04:29:15'),
    (18, 34, 10000, '2023-01-18 04:30:32'),
    (19, 26, 15000, '2023-01-18 04:32:13'),
    (19, 29, 23000, '2023-01-18 04:41:55'),
    (19, 26, 34000, '2023-01-18 04:52:50'),
    (20, 49, 12000, '2023-02-18 04:54:40'),
    (20, 16, 17000, '2023-02-18 05:00:01'),
    (20, 42, 22000, '2023-02-18 05:01:21'),
    (20, 47, 27000, '2023-02-18 05:03:20'),
    (20, 9, 32000, '2023-02-18 05:08:21'),
    (20, 49, 37000, '2023-02-18 05:13:15'),
    (21, 11, 35000, '2023-02-18 05:14:01'),
    (21, 10, 40000, '2023-02-18 05:16:20'),
    (21, 33, 45000, '2023-02-18 05:20:06'),
    (21, 13, 50000, '2023-02-18 05:24:42'),
    (21, 11, 55000, '2023-02-18 05:28:51'),
    (21, 10, 60000, '2023-02-18 05:42:52'),
    (22, 16, 42000, '2023-02-18 05:48:17'),
    (22, 42, 47000, '2023-02-18 05:53:09'),
    (22, 10, 52000, '2023-02-18 05:54:51'),
    (22, 35, 57000, '2023-02-18 05:55:18'),
    (22, 16, 62000, '2023-02-18 05:56:08'),
    (23, 40, 72000, '2023-02-18 05:59:03'),
    (23, 26, 77000, '2023-02-18 06:05:51'),
    (23, 48, 82000, '2023-02-18 06:06:04'),
    (23, 6, 87000, '2023-02-18 06:06:47'),
    (23, 18, 92000, '2023-02-18 06:09:16'),
    (23, 40, 97000, '2023-02-18 06:09:45'),
    (23, 26, 102000, '2023-02-18 06:21:16'),
    (23, 48, 107000, '2023-02-18 06:21:36'),
    (23, 6, 112000, '2023-02-18 06:22:09'),
    (24, 26, 85000, '2023-02-18 06:23:18'),
    (24, 24, 90000, '2023-02-18 06:27:41'),
    (24, 39, 95000, '2023-02-18 06:28:33'),
    (24, 2, 100000, '2023-02-18 06:28:52'),
    (24, 26, 105000, '2023-02-18 06:31:26'),
    (24, 24, 110000, '2023-02-18 06:31:39'),
    (24, 39, 115000, '2023-02-18 06:35:18'),
    (25, 14, 120000, '2023-02-18 06:35:28'),
    (25, 49, 125000, '2023-02-18 06:37:04'),
    (25, 25, 130000, '2023-02-18 06:39:33'),
    (25, 31, 135000, '2023-02-18 06:40:34'),
    (25, 14, 140000, '2023-02-18 06:41:27'),
    (26, 25, 25000, '2023-02-18 06:48:13'),
    (26, 10, 30000, '2023-02-18 06:49:40'),
    (26, 26, 35000, '2023-02-18 06:51:43'),
    (26, 14, 40000, '2023-02-18 06:53:18'),
    (26, 49, 45000, '2023-02-18 06:56:47'),
    (26, 25, 50000, '2023-02-18 06:57:00'),
    (26, 10, 55000, '2023-02-18 06:57:34'),
    (27, 25, 17000, '2023-02-18 07:01:24'),
    (27, 13, 22000, '2023-02-18 07:03:25'),
    (27, 11, 27000, '2023-02-18 07:10:34'),
    (27, 43, 32000, '2023-02-18 07:14:30'),
    (27, 25, 37000, '2023-02-18 07:24:11'),
    (27, 13, 42000, '2023-02-18 07:26:48'),
    (27, 11, 47000, '2023-02-18 07:28:24'),
    (27, 43, 52000, '2023-02-18 07:28:34'),
    (27, 25, 57000, '2023-02-18 07:34:32'),
    (28, 34, 42000, '2023-02-18 07:34:51'),
    (28, 22, 47000, '2023-02-18 07:37:23'),
    (28, 18, 52000, '2023-02-18 07:37:48'),
    (28, 13, 57000, '2023-02-18 07:47:31'),
    (28, 12, 62000, '2023-02-18 07:48:55'),
    (28, 34, 67000, '2023-02-18 07:57:43'),
    (28, 22, 72000, '2023-02-18 08:04:19'),
    (28, 18, 77000, '2023-02-18 08:07:07'),
    (29, 42, 87000, '2023-02-18 08:10:27'),
    (29, 22, 92000, '2023-02-18 08:12:15'),
    (29, 17, 97000, '2023-02-18 08:17:14'),
    (29, 48, 102000, '2023-02-18 08:18:52'),
    (29, 18, 107000, '2023-02-18 08:21:08'),
    (29, 42, 112000, '2023-02-18 08:21:55'),
    (30, 25, 90000, '2023-02-18 08:22:43'),
    (30, 17, 95000, '2023-02-18 08:28:34'),
    (30, 42, 100000, '2023-02-18 08:34:33'),
    (30, 25, 105000, '2023-02-18 08:39:38'),
    (30, 17, 110000, '2023-02-18 08:42:12'),
    (30, 42, 115000, '2023-02-18 08:43:56'),
    (30, 25, 120000, '2023-02-18 08:45:12'),
    (31, 22, 52000, '2023-02-18 08:45:23'),
    (31, 16, 57000, '2023-02-18 08:45:45'),
    (31, 2, 62000, '2023-02-18 08:49:42'),
    (31, 22, 67000, '2023-02-18 08:55:19'),
    (31, 16, 72000, '2023-02-18 09:07:53'),
    (31, 2, 77000, '2023-02-18 09:09:56'),
    (31, 22, 82000, '2023-02-18 09:19:27'),
    (32, 2, 51000, '2023-02-18 09:20:52'),
    (32, 21, 56000, '2023-02-18 09:22:42'),
    (32, 11, 61000, '2023-02-18 09:22:48'),
    (32, 14, 66000, '2023-02-18 09:22:58'),
    (32, 2, 71000, '2023-02-18 09:24:56'),
    (33, 11, 50000, '2023-02-18 09:25:24'),
    (33, 39, 55000, '2023-02-18 09:26:14'),
    (33, 4, 60000, '2023-02-18 09:27:11'),
    (33, 35, 65000, '2023-02-18 09:28:55'),
    (33, 11, 70000, '2023-02-18 09:32:42'),
    (33, 39, 75000, '2023-02-18 09:40:43'),
    (33, 4, 80000, '2023-02-18 09:41:38'),
    (34, 33, 53000, '2023-02-18 09:44:16'),
    (34, 28, 58000, '2023-02-18 09:53:00'),
    (34, 14, 63000, '2023-02-18 09:58:21'),
    (34, 33, 68000, '2023-02-18 09:58:41'),
    (34, 28, 73000, '2023-02-18 10:00:22'),
    (34, 14, 78000, '2023-02-18 10:03:12'),
    (35, 39, 54000, '2023-02-18 10:06:09'),
    (35, 38, 59000, '2023-02-18 10:06:55'),
    (35, 42, 64000, '2023-02-18 10:11:45'),
    (35, 35, 69000, '2023-02-18 10:14:05'),
    (35, 40, 74000, '2023-02-18 10:16:00'),
    (35, 39, 79000, '2023-02-18 10:16:40'),
    (36, 12, 55000, '2023-02-18 10:19:46'),
    (36, 27, 60000, '2023-02-18 10:24:42'),
    (36, 49, 65000, '2023-02-18 10:25:42'),
    (36, 24, 70000, '2023-02-18 10:26:52'),
    (36, 21, 75000, '2023-02-18 10:27:51'),
    (36, 12, 80000, '2023-02-18 10:28:05'),
    (36, 27, 85000, '2023-02-18 10:34:54'),
    (37, 23, 58000, '2023-02-18 10:35:31'),
    (37, 36, 63000, '2023-02-18 10:36:12'),
    (37, 9, 68000, '2023-02-18 10:43:31'),
    (37, 22, 73000, '2023-02-18 10:53:05'),
    (37, 13, 78000, '2023-02-18 10:53:41'),
    (37, 23, 83000, '2023-02-18 11:03:11'),
    (37, 36, 88000, '2023-02-18 11:13:26'),
    (38, 21, 42000, '2023-02-18 11:13:50'),
    (38, 2, 47000, '2023-02-18 11:14:30'),
    (38, 36, 52000, '2023-02-18 11:20:45'),
    (38, 21, 57000, '2023-02-18 11:21:27'),
    (38, 2, 62000, '2023-02-18 11:23:12'),
    (38, 36, 67000, '2023-02-18 11:24:00'),
    (38, 21, 72000, '2023-02-18 11:26:53'),
    (38, 2, 77000, '2023-02-18 11:28:37'),
    (38, 36, 82000, '2023-02-18 11:28:45'),
    (39, 45, 32000, '2023-02-18 11:34:13'),
    (39, 30, 37000, '2023-02-18 11:36:03'),
    (39, 17, 42000, '2023-02-18 11:37:54'),
    (39, 45, 47000, '2023-02-18 11:38:07'),
    (39, 30, 52000, '2023-02-18 11:39:49'),
    (40, 21, 39000, '2023-02-18 11:42:13'),
    (40, 47, 44000, '2023-02-18 11:44:55'),
    (40, 42, 49000, '2023-02-18 11:50:00'),
    (40, 33, 54000, '2023-02-18 11:56:13'),
    (40, 48, 59000, '2023-02-18 11:57:38'),
    (40, 21, 64000, '2023-02-18 11:58:44'),
    (40, 47, 69000, '2023-02-18 11:58:51'),
    (40, 42, 74000, '2023-02-18 11:59:34'),
    (40, 33, 79000, '2023-02-18 11:59:54'),
    (41, 47, 30000, '2023-02-18 12:00:17'),
    (41, 17, 35000, '2023-02-18 12:00:27'),
    (41, 14, 40000, '2023-02-18 12:00:35'),
    (41, 29, 45000, '2023-02-18 12:02:11'),
    (41, 47, 50000, '2023-02-18 12:02:29'),
    (42, 21, 15000, '2023-02-18 12:08:25'),
    (42, 36, 20000, '2023-02-18 12:09:25'),
    (42, 9, 25000, '2023-02-18 12:09:43'),
    (42, 25, 30000, '2023-02-18 12:11:43'),
    (42, 24, 35000, '2023-02-18 12:13:24'),
    (42, 21, 40000, '2023-02-18 12:15:50'),
    (43, 13, 5000, '2023-02-18 12:16:51'),
    (43, 39, 10000, '2023-02-18 12:25:39'),
    (43, 47, 15000, '2023-02-18 12:29:34'),
    (43, 42, 20000, '2023-02-18 12:33:55'),
    (43, 13, 25000, '2023-02-18 12:36:00'),
    (44, 23, 20000, '2023-02-18 12:37:49'),
    (44, 36, 25000, '2023-02-18 12:45:06'),
    (44, 21, 30000, '2023-02-18 12:51:17'),
    (44, 23, 35000, '2023-02-18 12:56:32'),
    (44, 36, 40000, '2023-02-18 12:58:14'),
    (45, 42, 25000, '2023-02-18 13:01:01'),
    (45, 16, 30000, '2023-02-18 13:08:40'),
    (45, 14, 35000, '2023-02-18 13:15:15'),
    (45, 42, 40000, '2023-02-18 13:17:33'),
    (45, 16, 45000, '2023-02-18 13:22:11'),
    (46, 30, 29000, '2023-02-18 13:27:31'),
    (46, 39, 34000, '2023-02-18 13:28:47'),
    (46, 44, 39000, '2023-02-18 13:30:08'),
    (46, 30, 44000, '2023-02-18 13:30:38'),
    (46, 39, 49000, '2023-02-18 13:34:16'),
    (47, 4, 31000, '2023-02-18 13:37:32'),
    (47, 26, 36000, '2023-02-18 13:38:46'),
    (47, 49, 41000, '2023-02-18 13:40:39'),
    (47, 4, 46000, '2023-02-18 13:49:12'),
    (47, 26, 51000, '2023-02-18 13:51:50'),
    (47, 49, 56000, '2023-02-18 13:56:11'),
    (47, 4, 61000, '2023-02-18 13:56:37'),
    (47, 26, 66000, '2023-02-18 13:58:10'),
    (47, 49, 71000, '2023-02-18 14:09:28'),
    (48, 31, 32000, '2023-02-18 14:11:40'),
    (48, 26, 37000, '2023-02-18 14:26:47'),
    (48, 22, 42000, '2023-02-18 14:34:52'),
    (48, 31, 47000, '2023-02-18 14:46:58'),
    (48, 26, 52000, '2023-02-18 14:47:56'),
    (48, 22, 57000, '2023-02-18 14:50:17'),
    (48, 31, 62000, '2023-02-18 14:53:23'),
    (48, 26, 67000, '2023-02-18 15:02:07'),
    (48, 22, 72000, '2023-02-18 15:04:20'),
    (49, 18, 35000, '2023-02-18 15:04:24'),
    (49, 27, 40000, '2023-02-18 15:10:02'),
    (49, 36, 45000, '2023-02-18 15:10:40'),
    (49, 18, 50000, '2023-02-18 15:12:18'),
    (49, 27, 55000, '2023-02-18 15:12:43'),
    (50, 12, 40000, '2023-02-18 15:13:09'),
    (50, 42, 45000, '2023-02-18 15:13:32'),
    (50, 33, 50000, '2023-02-18 15:17:25'),
    (50, 12, 55000, '2023-02-18 15:23:48'),
    (50, 42, 60000, '2023-02-18 15:24:52'),
    (50, 33, 65000, '2023-02-18 15:30:26'),
    (50, 12, 70000, '2023-02-18 15:32:17'),
    (51, 26, 42000, '2023-02-18 15:36:30'),
    (51, 28, 47000, '2023-02-18 15:47:55'),
    (51, 6, 52000, '2023-02-18 15:54:46'),
    (51, 26, 57000, '2023-02-18 15:59:25'),
    (51, 28, 62000, '2023-02-18 16:00:00'),
    (51, 6, 67000, '2023-02-18 16:08:09'),
    (52, 18, 55000, '2023-02-18 16:10:38'),
    (52, 16, 60000, '2023-02-18 16:11:55'),
    (52, 29, 65000, '2023-02-18 16:12:08'),
    (52, 4, 70000, '2023-02-18 16:15:02'),
    (52, 23, 75000, '2023-02-18 16:20:02'),
    (52, 47, 80000, '2023-02-18 16:22:49'),
    (52, 18, 85000, '2023-02-18 16:23:21'),
    (52, 16, 90000, '2023-02-18 16:28:45'),
    (53, 22, 95000, '2023-02-18 16:29:27'),
    (53, 25, 100000, '2023-02-18 16:31:50'),
    (53, 47, 105000, '2023-02-18 16:35:16'),
    (53, 22, 110000, '2023-02-18 16:40:16'),
    (53, 25, 115000, '2023-02-18 16:41:48'),
    (53, 47, 120000, '2023-02-18 16:43:04'),
    (53, 22, 125000, '2023-02-18 16:44:17'),
    (53, 25, 130000, '2023-02-18 16:50:01'),
    (54, 35, 85000, '2023-02-18 16:52:30'),
    (54, 34, 90000, '2023-02-18 16:53:03'),
    (54, 39, 95000, '2023-02-18 16:57:44'),
    (54, 35, 100000, '2023-02-18 17:03:02'),
    (54, 34, 105000, '2023-02-18 17:07:00'),
    (55, 24, 75000, '2023-02-18 17:07:04'),
    (55, 16, 80000, '2023-02-18 17:08:48'),
    (55, 14, 85000, '2023-02-18 17:09:09'),
    (55, 24, 90000, '2023-02-18 17:19:32'),
    (55, 16, 95000, '2023-02-18 17:20:23'),
    (55, 14, 100000, '2023-02-18 17:22:32'),
    (55, 24, 105000, '2023-02-18 17:23:16'),
    (55, 16, 110000, '2023-02-18 17:26:16'),
    (55, 14, 115000, '2023-02-18 17:27:19'),
    (56, 42, 69000, '2023-02-18 17:33:21'),
    (56, 43, 74000, '2023-02-18 17:35:12'),
    (56, 9, 79000, '2023-02-18 17:42:36'),
    (56, 35, 84000, '2023-02-18 17:47:08'),
    (56, 42, 89000, '2023-02-18 17:51:03'),
    (57, 45, 52000, '2023-02-18 17:51:38'),
    (57, 39, 57000, '2023-02-18 17:54:38'),
    (57, 24, 62000, '2023-02-18 17:54:52'),
    (57, 30, 67000, '2023-02-18 18:03:46'),
    (57, 45, 72000, '2023-02-18 18:04:21'),
    (57, 39, 77000, '2023-02-18 18:04:24'),
    (57, 24, 82000, '2023-02-18 18:05:48'),
    (57, 30, 87000, '2023-02-18 18:08:42'),
    (57, 45, 92000, '2023-02-18 18:08:43'),
    (58, 42, 34000, '2023-02-18 18:08:44'),
    (58, 33, 39000, '2023-02-18 18:08:46'),
    (58, 38, 44000, '2023-02-18 18:10:03'),
    (58, 27, 49000, '2023-02-18 18:11:22'),
    (58, 42, 54000, '2023-02-18 18:13:58'),
    (58, 33, 59000, '2023-02-18 18:17:04'),
    (58, 38, 64000, '2023-02-18 18:18:01'),
    (59, 26, 47000, '2023-02-18 18:24:01'),
    (59, 24, 52000, '2023-02-18 18:25:44'),
    (59, 13, 57000, '2023-02-18 18:29:11'),
    (59, 31, 62000, '2023-02-18 18:31:10'),
    (59, 26, 67000, '2023-02-18 18:34:23'),
    (59, 24, 72000, '2023-02-18 18:35:58'),
    (60, 40, 42000, '2023-02-18 18:39:32'),
    (60, 35, 47000, '2023-02-18 18:40:35'),
    (60, 39, 52000, '2023-02-18 18:42:05'),
    (60, 17, 57000, '2023-02-18 18:49:03'),
    (60, 40, 62000, '2023-02-18 18:53:14'),
    (60, 35, 67000, '2023-02-18 19:00:58'),
    (60, 39, 72000, '2023-02-18 19:01:56'),
    (61, 2, 10000, '2023-02-18 19:04:01'),
    (61, 45, 15000, '2023-02-18 19:07:21'),
    (61, 6, 20000, '2023-02-18 19:08:01'),
    (61, 10, 25000, '2023-02-18 19:16:10'),
    (61, 2, 30000, '2023-02-18 19:23:39'),
    (61, 45, 35000, '2023-02-18 19:25:01'),
    (61, 6, 40000, '2023-02-18 19:25:14'),
    (61, 10, 45000, '2023-02-18 19:28:15'),
    (61, 2, 50000, '2023-02-18 19:30:42'),
    (62, 21, 62000, '2023-02-18 19:43:50'),
    (62, 14, 67000, '2023-02-18 19:47:41'),
    (62, 26, 72000, '2023-02-18 19:47:51'),
    (62, 43, 77000, '2023-02-18 19:51:03'),
    (62, 37, 82000, '2023-02-18 19:53:02'),
    (62, 21, 87000, '2023-02-18 19:55:12'),
    (63, 10, 64000, '2023-02-18 19:59:35'),
    (63, 25, 69000, '2023-02-18 20:03:31'),
    (63, 16, 74000, '2023-02-18 20:05:35'),
    (63, 10, 79000, '2023-02-18 20:07:25'),
    (63, 25, 84000, '2023-02-18 20:08:25'),
    (63, 16, 89000, '2023-02-18 20:10:11'),
    (63, 10, 94000, '2023-02-18 20:15:44'),
    (64, 43, 50000, '2023-02-18 20:17:15'),
    (64, 2, 55000, '2023-02-18 20:19:35'),
    (64, 29, 60000, '2023-02-18 20:21:44'),
    (64, 34, 65000, '2023-02-18 20:25:00'),
    (64, 10, 70000, '2023-02-18 20:28:02'),
    (64, 43, 75000, '2023-02-18 20:28:23'),
    (64, 2, 80000, '2023-02-18 20:29:30'),
    (64, 29, 85000, '2023-02-18 20:34:09'),
    (65, 17, 125000, '2023-02-18 20:35:41'),
    (65, 2, 130000, '2023-02-18 20:36:27'),
    (65, 24, 135000, '2023-02-18 20:38:42'),
    (65, 29, 140000, '2023-02-18 20:41:44'),
    (65, 42, 145000, '2023-02-18 20:42:06'),
    (65, 17, 150000, '2023-02-18 20:42:19'),
    (65, 2, 155000, '2023-02-18 20:42:31'),
    (65, 24, 160000, '2023-02-18 20:43:48'),
    (66, 35, 135000, '2023-02-18 20:44:57'),
    (66, 12, 140000, '2023-02-18 20:46:41'),
    (66, 17, 145000, '2023-02-18 20:47:31'),
    (66, 39, 150000, '2023-02-18 20:49:24'),
    (66, 4, 155000, '2023-02-18 20:49:39'),
    (66, 35, 160000, '2023-02-18 20:51:25'),
    (66, 12, 165000, '2023-02-18 20:53:55'),
    (66, 17, 170000, '2023-02-18 20:54:13'),
    (67, 6, 145000, '2023-02-18 20:59:16'),
    (67, 49, 150000, '2023-02-18 21:05:56'),
    (67, 9, 155000, '2023-02-18 21:07:25'),
    (67, 45, 160000, '2023-02-18 21:11:49'),
    (67, 6, 165000, '2023-02-18 21:17:27'),
    (67, 49, 170000, '2023-02-18 21:25:25'),
    (67, 9, 175000, '2023-02-18 21:28:47'),
    (68, 6, 530000, '2023-02-18 21:28:50'),
    (68, 40, 535000, '2023-02-18 21:30:42'),
    (68, 34, 540000, '2023-02-18 21:33:09'),
    (68, 42, 545000, '2023-02-18 21:33:15'),
    (68, 6, 550000, '2023-02-18 21:36:10'),
    (68, 40, 555000, '2023-02-18 21:39:38'),
    (68, 34, 560000, '2023-02-18 21:54:39'),
    (68, 42, 565000, '2023-02-18 21:57:33'),
    (68, 6, 570000, '2023-02-18 22:02:33'),
    (69, 36, 350000, '2023-02-18 22:02:49'),
    (69, 39, 355000, '2023-02-18 22:09:23'),
    (69, 35, 360000, '2023-02-18 22:11:04'),
    (69, 28, 365000, '2023-02-18 22:13:10'),
    (69, 36, 370000, '2023-02-18 22:17:05'),
    (69, 39, 375000, '2023-02-18 22:18:05'),
    (69, 35, 380000, '2023-02-18 22:25:08'),
    (70, 45, 30000, '2023-02-18 22:26:18'),
    (70, 12, 35000, '2023-02-18 22:27:05'),
    (70, 27, 40000, '2023-02-18 22:33:48'),
    (70, 23, 45000, '2023-02-18 22:38:56'),
    (70, 45, 50000, '2023-02-18 22:42:39'),
    (71, 34, 92000, '2023-02-18 22:46:18'),
    (71, 14, 97000, '2023-02-18 22:57:34'),
    (71, 2, 102000, '2023-02-18 22:58:05'),
    (71, 12, 107000, '2023-02-18 23:03:33'),
    (71, 49, 112000, '2023-02-18 23:08:45'),
    (71, 34, 117000, '2023-02-18 23:09:03'),
    (71, 14, 122000, '2023-02-18 23:11:23'),
    (72, 30, 90000, '2023-02-18 23:18:04'),
    (72, 37, 95000, '2023-02-18 23:21:26'),
    (72, 49, 100000, '2023-02-18 23:22:32'),
    (72, 13, 105000, '2023-02-18 23:27:36'),
    (72, 28, 110000, '2023-02-18 23:28:04'),
    (72, 30, 115000, '2023-02-18 23:30:58'),
    (72, 37, 120000, '2023-02-18 23:39:13'),
    (73, 36, 64000, '2023-02-18 23:46:38'),
    (73, 14, 69000, '2023-02-18 23:46:40'),
    (73, 18, 74000, '2023-02-18 23:47:44'),
    (73, 13, 79000, '2023-02-18 23:51:06'),
    (73, 40, 84000, '2023-02-18 23:51:43'),
    (73, 36, 89000, '2023-02-18 23:53:07'),
    (73, 14, 94000, '2023-02-18 23:59:21'),
    (73, 18, 99000, '2023-02-18 23:59:45');

INSERT INTO purchase(buyer_id, art_id, purchase_price, purchase_date)
VALUES
    (2, 1, 40000, '2023-02-15 18:12:20'),
    (23, 2, 55000, '2023-02-15 19:31:12'),
    (11, 4, 100000, '2023-02-15 20:02:30'),
    (24, 5, 75000, '2023-02-15 21:49:12'),
    (49, 6, 25000, '2023-02-16 09:37:48'),
    (13, 7, 36000, '2023-02-16 10:12:54'),
    (27, 11, 750000, '2023-02-16 11:05:10'),
    (39, 13, 5000, '2023-02-16 11:12:43'),
    (37, 15, 78000, '2023-02-16 12:01:49'),
    (11, 16, 54000, '2023-02-16 12:14:53'),
    (2, 12, 75000, '2023-02-16 12:20:24'),
    (21, 17, 49000, '2023-02-16 12:37:42'),
    (18, 19, 132000, '2023-02-16 13:03:14'),
    (44, 21, 130000, '2023-02-16 13:42:50'),
    (14, 22, 20000, '2023-02-16 14:15:19'),
    (22, 23, 95000, '2023-02-16 15:03:09'),
    (37, 30, 17000, '2023-02-16 16:30:24'),
    (35, 24, 230000, '2023-02-16 16:38:01'),
    (28, 25, 45000, '2023-02-16 18:41:12'),
    (33, 27, 48000, '2023-02-16 18:48:57'),
    (49, 9, 45000, '2023-02-16 19:40:24'),
    (34, 28, 10000, '2023-02-16 20:49:20'),
    (26, 29, 340000, '2023-02-17 07:10:12'),
    (28, 3, 10000, '2023-02-17 11:24:50'),
    (28, 10, 50000, '2023-02-18 16:31:40');

INSERT INTO point_detail(member_id, point_type, amount, record_date)
VALUES
    (1, 'CHARGE', 100000000, '2022-02-01 10:00:00'),
    (2, 'CHARGE', 100000000, '2022-02-01 10:00:00'),
    (3, 'CHARGE', 100000000, '2022-02-01 10:00:00'),
    (4, 'CHARGE', 100000000, '2022-02-01 10:00:00'),
    (5, 'CHARGE', 100000000, '2022-02-01 10:00:00'),
    (6, 'CHARGE', 100000000, '2022-02-01 10:00:00'),
    (7, 'CHARGE', 100000000, '2022-02-01 10:00:00'),
    (8, 'CHARGE', 100000000, '2022-02-01 10:00:00'),
    (9, 'CHARGE', 100000000, '2022-02-01 10:00:00'),
    (10, 'CHARGE', 100000000, '2022-02-01 10:00:00'),
    (11, 'CHARGE', 100000000, '2022-02-01 10:00:00'),
    (12, 'CHARGE', 100000000, '2022-02-01 10:00:00'),
    (13, 'CHARGE', 100000000, '2022-02-01 10:00:00'),
    (14, 'CHARGE', 100000000, '2022-02-01 10:00:00'),
    (15, 'CHARGE', 100000000, '2022-02-01 10:00:00'),
    (16, 'CHARGE', 100000000, '2022-02-01 10:00:00'),
    (17, 'CHARGE', 100000000, '2022-02-01 10:00:00'),
    (18, 'CHARGE', 100000000, '2022-02-01 10:00:00'),
    (19, 'CHARGE', 100000000, '2022-02-01 10:00:00'),
    (20, 'CHARGE', 100000000, '2022-02-01 10:00:00'),
    (21, 'CHARGE', 100000000, '2022-02-01 10:00:00'),
    (22, 'CHARGE', 100000000, '2022-02-01 10:00:00'),
    (23, 'CHARGE', 100000000, '2022-02-01 10:00:00'),
    (24, 'CHARGE', 100000000, '2022-02-01 10:00:00'),
    (25, 'CHARGE', 100000000, '2022-02-01 10:00:00'),
    (26, 'CHARGE', 100000000, '2022-02-01 10:00:00'),
    (27, 'CHARGE', 100000000, '2022-02-01 10:00:00'),
    (28, 'CHARGE', 100000000, '2022-02-01 10:00:00'),
    (29, 'CHARGE', 100000000, '2022-02-01 10:00:00'),
    (30, 'CHARGE', 100000000, '2022-02-01 10:00:00'),
    (31, 'CHARGE', 100000000, '2022-02-01 10:00:00'),
    (32, 'CHARGE', 100000000, '2022-02-01 10:00:00'),
    (33, 'CHARGE', 100000000, '2022-02-01 10:00:00'),
    (34, 'CHARGE', 100000000, '2022-02-01 10:00:00'),
    (35, 'CHARGE', 100000000, '2022-02-01 10:00:00'),
    (36, 'CHARGE', 100000000, '2022-02-01 10:00:00'),
    (37, 'CHARGE', 100000000, '2022-02-01 10:00:00'),
    (38, 'CHARGE', 100000000, '2022-02-01 10:00:00'),
    (39, 'CHARGE', 100000000, '2022-02-01 10:00:00'),
    (40, 'CHARGE', 100000000, '2022-02-01 10:00:00'),
    (41, 'CHARGE', 100000000, '2022-02-01 10:00:00'),
    (42, 'CHARGE', 100000000, '2022-02-01 10:00:00'),
    (43, 'CHARGE', 100000000, '2022-02-01 10:00:00'),
    (44, 'CHARGE', 100000000, '2022-02-01 10:00:00'),
    (45, 'CHARGE', 100000000, '2022-02-01 10:00:00'),
    (46, 'CHARGE', 100000000, '2022-02-01 10:00:00'),
    (47, 'CHARGE', 100000000, '2022-02-01 10:00:00'),
    (50, 'CHARGE', 100000000, '2022-02-01 10:00:00'),
    (48, 'CHARGE', 100000000, '2022-02-01 10:00:00'),
    (49, 'CHARGE', 100000000, '2022-02-01 10:00:00'),

    (2, 'PURCHASE', 40000, '2023-02-15 18:12:20'),
    (1, 'SOLD', 40000, '2023-02-15 18:12:20'),
    (23, 'PURCHASE', 55000, '2023-02-15 19:31:12'),
    (1, 'SOLD', 55000, '2023-02-15 19:31:12'),
    (11, 'PURCHASE', 100000, '2023-02-15 20:02:30'),
    (3, 'SOLD', 100000, '2023-02-15 20:02:30'),
    (24, 'PURCHASE', 75000, '2023-02-15 21:49:12'),
    (5, 'SOLD', 75000, '2023-02-15 21:49:12'),
    (49, 'PURCHASE', 25000, '2023-02-16 09:37:48'),
    (3, 'SOLD', 25000, '2023-02-16 09:37:48'),
    (13, 'PURCHASE', 36000, '2023-02-16 10:12:54'),
    (7, 'SOLD', 36000, '2023-02-16 10:12:54'),
    (27, 'PURCHASE', 750000, '2023-02-16 11:05:10'),
    (5, 'SOLD', 750000, '2023-02-16 11:05:10'),
    (39, 'PURCHASE', 5000, '2023-02-16 11:12:43'),
    (41, 'SOLD', 5000, '2023-02-16 11:12:43'),
    (37, 'PURCHASE', 78000, '2023-02-16 12:01:49'),
    (50, 'SOLD', 78000, '2023-02-16 12:01:49'),
    (11, 'PURCHASE', 54000, '2023-02-16 12:14:53'),
    (32, 'SOLD', 54000, '2023-02-16 12:14:53'),
    (2, 'PURCHASE', 75000, '2023-02-16 12:20:24'),
    (19, 'SOLD', 75000, '2023-02-16 12:20:24'),
    (21, 'PURCHASE', 49000, '2023-02-16 12:37:42'),
    (8, 'SOLD', 49000, '2023-02-16 12:37:42'),
    (18, 'PURCHASE', 132000, '2023-02-16 13:03:14'),
    (3, 'SOLD', 132000, '2023-02-16 13:03:14'),
    (44, 'PURCHASE', 130000, '2023-02-16 13:42:50'),
    (20, 'SOLD', 130000, '2023-02-16 13:42:50'),
    (14, 'PURCHASE', 20000, '2023-02-16 14:15:19'),
    (19, 'SOLD', 20000, '2023-02-16 14:15:19'),
    (22, 'PURCHASE', 95000, '2023-02-16 15:03:09'),
    (19, 'SOLD', 95000, '2023-02-16 15:03:09'),
    (37, 'PURCHASE', 17000, '2023-02-16 16:30:24'),
    (5, 'SOLD', 17000, '2023-02-16 16:30:24'),
    (35, 'PURCHASE', 230000, '2023-02-16 16:38:01'),
    (15, 'SOLD', 230000, '2023-02-16 16:38:01'),
    (28, 'PURCHASE', 45000, '2023-02-16 18:41:12'),
    (50, 'SOLD', 45000, '2023-02-16 18:41:12'),
    (33, 'PURCHASE', 48000, '2023-02-16 18:48:57'),
    (15, 'SOLD', 48000, '2023-02-16 18:48:57'),
    (49, 'PURCHASE', 45000, '2023-02-16 19:40:24'),
    (20, 'SOLD', 45000, '2023-02-16 19:40:24'),
    (34, 'PURCHASE', 10000, '2023-02-16 20:49:20'),
    (3, 'SOLD', 10000, '2023-02-16 20:49:20'),
    (26, 'PURCHASE', 340000, '2023-02-17 07:10:12'),
    (46, 'SOLD', 340000, '2023-02-17 07:10:12'),
    (28, 'PURCHASE', 10000, '2023-02-17 11:24:50'),
    (1, 'SOLD', 10000, '2023-02-17 11:24:50'),
    (28, 'PURCHASE', 50000, '2023-02-18 16:31:40'),
    (19, 'SOLD', 50000, '2023-02-18 16:31:40');

INSERT INTO favorite(art_id, member_id)
VALUES
    (1, 4),
    (1, 20),
    (2, 12),
    (2, 15),
    (2, 19),
    (2, 31),
    (3, 1),
    (3, 2),
    (3, 7),
    (3, 11),
    (3, 38),
    (4, 4),
    (4, 9),
    (4, 10),
    (4, 13),
    (4, 20),
    (4, 50),
    (5, 5),
    (5, 7),
    (5, 10),
    (5, 15),
    (5, 16),
    (5, 17),
    (5, 21),
    (5, 25),
    (5, 26),
    (5, 29),
    (5, 31),
    (5, 45),
    (6, 8),
    (6, 26),
    (6, 34),
    (6, 37),
    (7, 1),
    (7, 6),
    (7, 8),
    (7, 12),
    (7, 15),
    (7, 26),
    (7, 37),
    (7, 46),
    (8, 17),
    (8, 32),
    (9, 5),
    (9, 11),
    (9, 24),
    (9, 27),
    (9, 32),
    (9, 34),
    (9, 38),
    (10, 7),
    (10, 10),
    (10, 36),
    (10, 49),
    (11, 8),
    (11, 16),
    (11, 19),
    (11, 20),
    (11, 26),
    (11, 30),
    (11, 39),
    (11, 40),
    (11, 43),
    (12, 13),
    (12, 41),
    (13, 5),
    (13, 25),
    (13, 34),
    (15, 3),
    (15, 7),
    (15, 8),
    (15, 20),
    (15, 27),
    (15, 32),
    (15, 36),
    (15, 41),
    (15, 43),
    (16, 1),
    (16, 19),
    (16, 26),
    (16, 31),
    (17, 2),
    (17, 3),
    (17, 5),
    (17, 10),
    (17, 18),
    (17, 26),
    (17, 32),
    (17, 33),
    (17, 42),
    (17, 50),
    (18, 4),
    (18, 8),
    (18, 10),
    (18, 19),
    (18, 21),
    (18, 22),
    (18, 23),
    (18, 30),
    (18, 35),
    (18, 39),
    (18, 44),
    (19, 4),
    (19, 5),
    (19, 6),
    (19, 8),
    (19, 14),
    (19, 16),
    (19, 21),
    (19, 27),
    (19, 34),
    (19, 45),
    (19, 46),
    (19, 48),
    (20, 16),
    (20, 20),
    (20, 39),
    (20, 40),
    (20, 45),
    (21, 8),
    (21, 14),
    (21, 16),
    (21, 17),
    (21, 25),
    (21, 35),
    (22, 8),
    (22, 12),
    (22, 15),
    (22, 19),
    (22, 22),
    (24, 9),
    (24, 12),
    (24, 13),
    (24, 17),
    (24, 18),
    (24, 21),
    (24, 33),
    (24, 40),
    (24, 46),
    (24, 47),
    (25, 2),
    (25, 6),
    (25, 19),
    (25, 23),
    (25, 24),
    (25, 29),
    (25, 31),
    (25, 47),
    (26, 5),
    (26, 15),
    (26, 20),
    (27, 25),
    (27, 30),
    (27, 34),
    (27, 44),
    (27, 45),
    (28, 1),
    (28, 2),
    (29, 4),
    (29, 5),
    (29, 7),
    (29, 29),
    (29, 42),
    (30, 1),
    (30, 16),
    (30, 25),
    (30, 33),
    (30, 39),
    (30, 50),
    (31, 4),
    (31, 15),
    (31, 18),
    (31, 34),
    (31, 37),
    (31, 41),
    (31, 47),
    (31, 50),
    (32, 4),
    (32, 7),
    (32, 14),
    (32, 27),
    (32, 44),
    (32, 45),
    (32, 48),
    (33, 3),
    (33, 10),
    (33, 11),
    (33, 25),
    (33, 36),
    (34, 6),
    (34, 30),
    (34, 37),
    (35, 14),
    (35, 31),
    (35, 45),
    (36, 18),
    (36, 19),
    (36, 31),
    (36, 37),
    (36, 42),
    (36, 46),
    (37, 24),
    (38, 4),
    (38, 12),
    (38, 13),
    (38, 24),
    (38, 34),
    (38, 44),
    (40, 4),
    (40, 14),
    (41, 1),
    (41, 22),
    (41, 33),
    (41, 38),
    (42, 3),
    (42, 9),
    (42, 12),
    (42, 18),
    (42, 22),
    (42, 25),
    (42, 27),
    (42, 29),
    (42, 39),
    (42, 43),
    (43, 36),
    (43, 38),
    (44, 2),
    (44, 17),
    (44, 25),
    (44, 44),
    (44, 46),
    (44, 47),
    (45, 5),
    (45, 13),
    (45, 21),
    (45, 28),
    (45, 33),
    (45, 34),
    (45, 38),
    (45, 41),
    (45, 43),
    (45, 45),
    (45, 49),
    (46, 1),
    (46, 10),
    (46, 11),
    (46, 22),
    (46, 25),
    (46, 31),
    (46, 34),
    (46, 36),
    (46, 37),
    (46, 44),
    (46, 48),
    (47, 41),
    (47, 48),
    (48, 2),
    (48, 16),
    (48, 17),
    (48, 26),
    (48, 41),
    (49, 17),
    (50, 19),
    (50, 20),
    (50, 33),
    (50, 42),
    (51, 2),
    (51, 3),
    (51, 11),
    (51, 20),
    (51, 21),
    (51, 22),
    (51, 30),
    (51, 35),
    (51, 39),
    (51, 47),
    (52, 9),
    (52, 13),
    (52, 16),
    (52, 20),
    (52, 22),
    (52, 29),
    (52, 37),
    (52, 38),
    (52, 39),
    (52, 50),
    (53, 9),
    (54, 5),
    (54, 11),
    (54, 14),
    (54, 26),
    (54, 41),
    (55, 2),
    (55, 6),
    (55, 14),
    (55, 17),
    (55, 28),
    (55, 32),
    (55, 35),
    (55, 41),
    (55, 45),
    (55, 48),
    (56, 6),
    (56, 8),
    (56, 21),
    (56, 28),
    (56, 32),
    (57, 8),
    (57, 9),
    (57, 12),
    (57, 14),
    (57, 19),
    (57, 23),
    (57, 30),
    (57, 40),
    (57, 41),
    (58, 1),
    (58, 2),
    (58, 5),
    (58, 16),
    (58, 21),
    (58, 29),
    (58, 41),
    (58, 43),
    (58, 45),
    (59, 3),
    (59, 14),
    (59, 19),
    (59, 24),
    (59, 26),
    (59, 29),
    (59, 31),
    (59, 34),
    (59, 40),
    (60, 11),
    (60, 15),
    (60, 27),
    (60, 28),
    (60, 32),
    (60, 38),
    (60, 39),
    (60, 43),
    (60, 46),
    (61, 14),
    (61, 23),
    (61, 47),
    (62, 14),
    (62, 26),
    (62, 29),
    (63, 6),
    (63, 14),
    (63, 25),
    (63, 34),
    (63, 46),
    (63, 48),
    (64, 49),
    (65, 3),
    (66, 10),
    (66, 19),
    (66, 25),
    (66, 42),
    (66, 50),
    (67, 6),
    (67, 10),
    (67, 11),
    (67, 18),
    (67, 19),
    (67, 22),
    (67, 27),
    (67, 29),
    (67, 32),
    (67, 37),
    (67, 46),
    (67, 50),
    (68, 7),
    (68, 12),
    (68, 20),
    (68, 24),
    (68, 32),
    (68, 41),
    (68, 42),
    (68, 47),
    (69, 24),
    (69, 31),
    (69, 32),
    (69, 34),
    (69, 44),
    (70, 3),
    (70, 8),
    (70, 14),
    (70, 21),
    (70, 30),
    (70, 31),
    (70, 32),
    (70, 35),
    (70, 42),
    (70, 43),
    (70, 45),
    (70, 50),
    (71, 1),
    (71, 9),
    (71, 18),
    (71, 22),
    (71, 23),
    (71, 24),
    (71, 26),
    (71, 36),
    (71, 39),
    (71, 46),
    (71, 47),
    (71, 49),
    (72, 6),
    (72, 8),
    (72, 9),
    (72, 10),
    (72, 22),
    (72, 24),
    (72, 25),
    (72, 27),
    (72, 36),
    (72, 40),
    (72, 45),
    (72, 46),
    (73, 22),
    (74, 19),
    (74, 45),
    (74, 49),
    (75, 44),
    (76, 2),
    (76, 3),
    (76, 19),
    (76, 20),
    (76, 22),
    (76, 31),
    (76, 47),
    (77, 13),
    (77, 27),
    (77, 31),
    (77, 32),
    (77, 40),
    (77, 45),
    (78, 10),
    (78, 31),
    (78, 37),
    (78, 39),
    (78, 45),
    (78, 46),
    (79, 5),
    (79, 10),
    (79, 14),
    (79, 15),
    (79, 17),
    (79, 26),
    (79, 27),
    (79, 28),
    (79, 33),
    (79, 38),
    (79, 41),
    (79, 42),
    (80, 1),
    (80, 2),
    (80, 9),
    (80, 20),
    (80, 21),
    (80, 22),
    (80, 23),
    (80, 40),
    (80, 45),
    (80, 46),
    (80, 47),
    (81, 3),
    (81, 11),
    (81, 13),
    (81, 15),
    (81, 17),
    (81, 21),
    (81, 36),
    (81, 37),
    (81, 45),
    (81, 48),
    (82, 6),
    (82, 7),
    (82, 9),
    (82, 22),
    (82, 31),
    (82, 32),
    (82, 33),
    (82, 45),
    (82, 47),
    (83, 14),
    (83, 19),
    (83, 29),
    (83, 35),
    (83, 49),
    (83, 50),
    (84, 4),
    (84, 13),
    (84, 26),
    (84, 46),
    (85, 1),
    (85, 5),
    (85, 12),
    (85, 23),
    (85, 30),
    (85, 31),
    (85, 32),
    (85, 39),
    (85, 44),
    (85, 46),
    (85, 48),
    (85, 49),
    (86, 12),
    (86, 19),
    (86, 38),
    (86, 47),
    (88, 1),
    (88, 8),
    (88, 9),
    (88, 10),
    (88, 20),
    (88, 29),
    (88, 33),
    (88, 34),
    (88, 40),
    (88, 43),
    (88, 47),
    (88, 48),
    (89, 1),
    (89, 3),
    (89, 14),
    (89, 30),
    (89, 31),
    (89, 33),
    (89, 39),
    (89, 41),
    (90, 1),
    (90, 6),
    (90, 7),
    (90, 10),
    (90, 12),
    (90, 20),
    (90, 22),
    (90, 27),
    (90, 46),
    (90, 49),
    (90, 50),
    (91, 40),
    (91, 45),
    (92, 8),
    (92, 10),
    (92, 15),
    (92, 25),
    (92, 26),
    (92, 31),
    (92, 32),
    (92, 36),
    (93, 1),
    (93, 7),
    (93, 10),
    (93, 20),
    (93, 21),
    (93, 24),
    (93, 38),
    (93, 40),
    (93, 42),
    (93, 45),
    (94, 1),
    (94, 11),
    (94, 12),
    (94, 16),
    (94, 19),
    (94, 20),
    (94, 21),
    (94, 33),
    (94, 42),
    (94, 43),
    (94, 47),
    (94, 50),
    (95, 10),
    (95, 14),
    (95, 18),
    (95, 24),
    (95, 26),
    (95, 33),
    (95, 34),
    (95, 47);
